0.13754298218193187,0.003004154880024927,2.681743629570984,0.23628023012105276,0.20883519249727997,1.1704220141786348,0.001562630914026546,0.294375,-23.55291259799112,1.00360453994417,-0.062117042322535544,-1.0017507943147046,-0.5371171996519709,0.5596171217704946,0.16059560150466007,-0.06284481177298284,-0.35944133929164895,-0.3589932490854062,-0.35445965234607174,-0.33900325752798216,-0.843028045419971,0.0557178181390854,0.011070791926025616,0.007683682346647091,0.0021130829119450304,0.004067079556020843,0.006275889896722567,0.004473157629908691,0.00045037167687647677,0.0016067676486909988,0.0010176717345719382,0.007121142496185304,0.006749940911542468,0.014399965913727318,neu
0.07846201938105658,0.0026708766200125834,2.519972772610985,0.20544678546915532,0.18910040982573556,0.8463050634701823,0.0006010194704220592,0.285,-24.12669359343085,1.5275677814272943,0.24420982297380797,-1.4361944012170649,-0.40122609303896384,0.22408542458503886,-0.04824494041580766,0.003131364055237693,-0.7046270934721802,-0.490044393284803,-0.38971235208422306,-0.22751423560811904,-0.6596200882988247,0.03837923572388196,0.017296679296375874,0.011132778093195806,0.004855681773443899,0.0019569438771650572,0.00939000679757885,0.00696888138090144,0.0020140381212216106,0.0008435026701981947,0.0008901209653926048,0.013442594474049644,0.01290668629157299,0.010047914299526851,neu
0.04720225070334479,0.0032515000025315362,2.7749754844060375,0.15890459462856754,0.18710936146960563,0.24404378731030174,0.008231731356540713,0.065625,-25.66734337656536,2.2726928864236053,0.2708003251436575,-0.4476973832667074,-0.8070798796127692,0.0017094308005601462,-0.2066970155374205,-0.06314337233960786,-0.8300321907918975,-0.8704577405553291,-0.6171428409628176,-0.29324752891732475,-0.10657178252442445,0.00796907450516485,0.003167775947597671,0.02255029789217412,0.15581334221091414,0.003637210654546073,0.0006846849357663388,0.0005867447935753875,0.0004165509168302005,0.00034797371020375796,0.0009627037979301654,0.003532961594474448,0.0023295224739644017,0.042320928982209426,neu
0.06939668646452016,0.016074761243129856,2.7004949970042915,0.2092709479513843,0.1984815642101487,1.186025619373744,0.009831784621828342,0.134375,-23.91099522087309,1.635633955759636,-1.3331111355406717,0.10079122212546197,0.36737506997811176,-0.3011232134344951,0.24271085738452772,-0.11540786735127068,-0.9932222289297395,-1.1700313870920622,-0.4293089681261296,0.054465559025724634,0.9326875582109371,0.00015299197763806672,0.0004762205740254718,0.0034243591109335333,0.05899582230293203,0.010060284301337319,0.0006908199356488043,0.0003459074588801118,0.00025679613552772554,8.084985268668187e-05,0.00038588032450309503,0.006074640266100556,0.0005324177692695855,0.016016885527509104,neu
0.11628633948108784,0.014480985729448316,2.353030281466446,0.23146541673581042,0.20812466820097342,1.2330278112885138,0.0009018794051996343,0.135625,-24.88127363014624,1.194075251562006,-1.6056754564525035,-0.014039825944916852,0.5202503151306596,-0.4205423727646207,0.43066488865996744,-0.25797057274749874,-1.1316761712385386,-1.244310511828931,-0.4910419461686398,0.10546902539078407,0.9563610678660392,7.155314904842199e-05,0.00020552498941456466,0.000946922602661396,0.03011685202819598,0.009483333157214694,0.0003307503273652223,0.0001094569512049581,0.000248598531367441,3.43043272245537e-05,0.00012083952165282631,0.005508064701827634,0.00023512245700004202,0.008372454650147363,neu
0.16661456705220382,0.011295378836234621,1.7489796143049672,0.2545815649395023,0.18310066267316674,1.8675315408780684,0.006679173811916569,0.375,-22.132416601161815,-0.38571744657768026,-0.9483636078171497,0.5386654911321568,-0.0719717000197027,-0.4437702939897264,0.30290293847268573,-0.5540122694393136,0.022808031033327045,-0.7125831759735138,-0.2388805961387228,-0.1349299180344978,0.30977924867410106,0.0005770022598266566,0.0002746254949010849,0.006835622818995233,0.0073220072586906255,0.004789660890868609,0.0005390760330856812,0.0020274372428201225,0.0017810521714561503,0.0003221597969764783,0.00862586529710336,0.0023467994405055787,0.0008053232786956252,0.0029217642334115846,neu
0.20412628946545797,0.018476294512194912,2.4852145699292296,0.2768821184149259,0.15449675767898507,2.1932931929497053,0.000576689886200174,0.376875,-22.366579977911258,-1.6264905448588836,-0.5641510849158221,0.32586088608520475,0.1163379323431834,-0.3741368520059951,-0.06111773575894896,-0.6072674246857387,-0.7412359934506273,-0.7775083576119772,-0.5243668777749789,0.06569380095990157,0.5886305547422742,0.00019542809260842355,0.0001902528603611708,0.006831766322245519,0.004676238701793623,0.0008426723167786997,0.0003893995041391796,0.0010237393131434318,0.0009197543339995077,0.0007926550299526451,0.01497234076205243,0.00151380779308161,0.00012453681183534536,0.004189315028110468,neu
0.1800562675836199,0.010757767831079077,2.4955639414392197,0.2936274164263772,0.18635741261515693,2.1697750159485145,0.0009135545305308597,0.380625,-22.19769507503996,-0.392210056452688,-0.20766318245087217,-0.7978166042434287,0.22034813231112144,0.29989788697281755,-0.2540575969118111,-0.5362636402286977,-0.74112823447157,-0.6326475876620904,-0.046035880078766064,0.3630650792093805,0.4586921837720931,0.0002795451089623806,0.0006944812495755777,0.005949281664927704,0.004985816462102063,0.010097860427774732,0.002250723002413108,0.0015102065461053277,0.0003541663002306589,0.0015390037409031396,0.006166700270333276,0.00048762181291343387,0.001001821683322915,0.0029992692632924466,neu
0.11065958111909972,0.005375578653860496,2.6540614205390463,0.19680105052911323,0.19496111481301648,0.6000416301850332,0.003457238884822408,0.075625,-23.972304551488538,1.382299312760333,-0.6339011007119417,-0.3232389960592583,-0.42417214905200384,0.2604340346381018,-0.11873506781813367,-0.2630048928692683,-0.9550425686835144,-0.950461817096566,-0.31181560881106696,0.6187344103980777,0.590617037114464,0.0005084852573687414,0.0009069932543061313,0.003006830823898573,0.027125444038478382,0.05040426710384952,0.003519804820791818,0.0007395231412508311,0.00036037507900030355,0.00032034262742412523,0.0008655739646189621,0.0008463929596274998,0.0012654336479363752,0.014803417379083026,neu
0.08815254767114723,0.014331659388285758,2.7362404210203857,0.18756566127223925,0.16926937702532988,1.2901969864657916,0.0046872820440427895,0.17125,-22.22431155510686,1.0648180601803432,-1.9602155831760637,-0.6149596554981199,-0.27478246343730883,-0.33815689591170073,0.14613978187021065,-0.6305852192057769,-0.47559014434439106,-0.5894156990409352,-0.3496779966591866,-0.47112503030280334,-0.12652047324200272,0.012974096489524129,0.004376504987119626,0.002143318794069436,0.012559092828668619,0.007749351892306281,0.0019484376178610762,0.0016468678869310052,0.01782967927300748,0.006325992807395238,0.0004530383376878477,0.0008139409095701499,0.0011198746386342818,0.005543526470715063,neu
0.09502969678024382,0.014070284518144462,2.679041991380733,0.19795189280592856,0.17153434114260266,1.312417147613247,0.000971528414840814,0.171875,-22.545026470417266,0.8516639402060295,-1.323515700144996,-0.3804471794349921,0.03325237301514409,-0.14825017751490013,0.37264812129003616,-0.25269112015570433,-0.04066555169723315,0.08714718773378259,-0.4738462536236185,-0.8923980004801951,-0.7670693385269385,0.043946509912116766,0.003303865013339851,0.0010551244490752875,0.0001756131188181539,0.0023812617252068225,0.0008831351291882058,0.0012406633215828384,0.025059122078337,0.004787258082965939,0.0007723721277723278,0.0017574901869089534,0.0008477370831689042,0.012868816307579424,neu
0.12066270709596749,0.003096575778380363,2.046927451312389,0.21578114504266538,0.2047224399997325,0.47870244871485457,0.005041497296495851,0.08125,-25.629827630533544,1.494484204366106,-0.03322384259762593,-1.273974389128109,-0.2674535300669996,-0.16912542407172654,0.09902451873368322,0.31062560681578577,-0.23647775516012529,0.0659730053806772,-0.8511529282299878,-0.6698012866753674,-0.9468233957474288,0.10523277532163923,0.00594549401257235,0.0006737094494987369,0.0002001288697847023,0.0003396112681259607,0.00044270866372098273,0.0009880069460719337,0.007850496299752924,0.0007664812973143766,0.0013317707636670768,0.0011717693077532485,0.006411454421799219,0.028547776961615687,neu
0.13504220068771491,0.0008763478643488427,2.265174754855402,0.22306244582628218,0.21395287785444042,0.964213675799593,0.004422564809336355,0.21625,-25.168287007772385,1.6938054407285321,-0.43746351305725084,-0.9745565777108405,-0.5308128956524799,0.5597467561330937,0.012220287622536146,-0.025897869926227102,0.0988170294256281,-0.12842012018661547,-0.27878439967365637,-0.30954974936180485,-0.806876257150457,0.03259817890886105,0.005386040328902795,0.004339837207432937,0.004066415692546729,0.001424453448904854,0.002522763638621068,0.010886565349997523,0.00214662180763899,0.001824472024722526,0.01009787112558794,0.018098022717036012,0.015799459227670478,0.008885594990241595,neu
0.10096905282900906,0.0015357779662677027,2.5269371289539966,0.1857440567733841,0.1624277289611734,1.0123305013172006,0.0022482953077182237,0.231875,-24.65027079971811,1.20289684991954,-0.3879725725800306,-1.0567356975372497,-0.19083727986856433,0.49261254667108434,-0.6128287320714874,-0.4663628711961016,-0.6326966920534747,-0.5452896670125117,-0.34682039379895174,0.13877159719702584,-0.0497534150525253,0.005463971784906769,0.0016772312218357869,0.01774337787442916,0.01660621423685582,0.0208596375173649,0.0032262167798144405,0.005999040257034181,0.0006856098255918967,0.0011379149525777591,0.001720917814276294,0.003312782741019969,0.0013202197948492156,0.007024839507656441,neu
0.092841512972804,0.004032106048399436,2.9929271458436624,0.20134879861107316,0.15735988059812336,1.1521744267028309,0.001888526546938888,0.25625,-24.618827035143774,0.3734243468636103,-0.05772040003182158,-0.7936910907770108,-0.14705939481365102,0.6358344443304231,-0.7112086445050787,-0.12383362326435028,-1.1885344659058017,-1.124972329265402,-0.5233142635257588,0.418260633568919,0.8179663138322886,0.0010775144577138105,0.0011599373521207533,0.010496085130636296,0.00437016746478398,0.02323632530262222,0.011579130010918147,0.0009812397554194866,0.00022215834786414577,0.00022018055055413957,0.0009095910099253126,0.0004211103367093681,0.0008752251636645063,0.006779068586067985,neu
0.09565489215379806,0.003159749517547591,2.7219136662183505,0.1954690631969163,0.14858029791992455,1.17747038627578,0.0006946541153930405,0.25625,-24.682452342768407,0.6251057116169637,-0.06682587209433062,-0.6716847185436564,-0.46542030983069654,0.5628820480383272,-0.5861718331656062,0.19312556424945462,-0.8707889122807824,-0.953567474268768,-0.2817634035135081,0.5242237530173642,0.6939012468381116,0.0004752276186886562,0.0008179119166314241,0.0017544894109558376,0.00677264133580545,0.036775754446987295,0.010509836689728899,0.0005170504378856989,0.0001393777441150278,0.00021289745364877624,0.00022375442724101064,0.0006408526900342981,0.0023925517997389297,0.01002838324543203,neu
0.1137855579868709,0.0016105065384680653,2.9768156818096267,0.24378908088841603,0.2079226038667695,1.194531451732547,0.00516428814547347,0.3825,-25.364559421519502,1.1550805448165333,-0.009220902657860254,-0.7121165075206782,-0.5096477109872579,0.04999586988646877,0.2647658055179081,-0.40085818120929617,-0.33187132579665213,-0.9342894868574494,-0.3359585582681854,-0.22719306664756597,0.4533234214279699,0.002668456837410878,0.0008675397006530026,0.020988998712066546,0.03870496559647602,0.0031381686427435556,0.0012957894268831726,0.0012898266330477997,0.0006189163091775078,0.00041469554292577717,0.001421079025829317,0.000636016458454914,0.0004273296107197754,0.011273709186768758,neu
0.12160050015629885,0.0021333623872260956,3.257759668823882,0.23442550592889638,0.2057824210565483,1.3629230263968233,0.0014920822301065233,0.380625,-25.241029272149035,1.1730452248471246,-0.4488244119801112,-0.31169887489800135,0.22066152875570977,-0.5089873735287151,0.3938252260687246,-0.16051323972682252,-0.3582451599421628,-1.4403613602290286,-0.9102720466237828,-0.3126023690777942,0.06690537106252387,0.015246407128367103,0.005084515413785009,0.03072299100443501,0.014889582012205848,0.0017468075743347468,0.000250347997665464,0.001035604956674015,0.00030535686566731567,0.00023493533640899886,0.0020331706183775674,0.0006215086258702337,0.0006828449389799974,0.009087164292622024,neu
0.13129102844638948,0.0015993319085311508,3.1733745134092697,0.23037381009356084,0.1974053375683733,1.4858261167401634,0.002402429817178181,0.200625,-25.083203552722665,1.351201460221769,-0.3158957671946372,-0.17801974703906664,0.07727912875960838,-1.2794203636949715,0.3118457228202657,-0.22359765679665855,-0.25609128032623074,-0.8092626867244975,-0.7219289756534204,-0.08415762926140868,-0.38257454725467227,0.026584273423959456,0.017767757130276247,0.061378507182893866,0.0006706280534780459,0.003089431945562314,0.0008915402549030091,0.0022620785313765637,0.0015050567274373838,0.0012845193514001336,0.0011988327576970504,0.0008595203335868008,0.0016039238176453593,0.017398080251881234,neu
0.1578618318224445,0.0016654061578268273,2.937939429012154,0.23589731275571518,0.1959207978372481,1.6212597456223814,0.0013844097554692302,0.33375,-24.097029899730703,0.8085752695302908,-0.5135419451707784,-0.12210419878558855,-0.0028357077288308605,-0.7824482207119066,-0.3324660742885421,-0.10915003594862507,-0.12259322161023524,-0.5421100476591035,-0.6099791490511284,-0.3899226690132672,0.14867918492601975,0.015310917658700102,0.012738526710291537,0.0790029562888854,0.006363186286941629,0.0035701986158484583,0.0018215220036245927,0.002828019919514811,0.0024329759642558618,0.0007920068407620929,0.0029544163916475283,0.002430024617700365,0.0032222874818930236,0.020916147346003264,neu
0.14098155673648016,0.008296031813707378,2.6715100714409434,0.21744503735217677,0.16842253596735657,1.548671732725181,0.002087921762698574,0.244375,-22.836500353385073,0.05794839990439572,-1.0101139377443564,-0.23039421018960288,-0.32696241828173916,-0.0010976455906110518,-0.6469963765126268,-0.038705404965664825,0.06627197503650441,-0.6350966752858878,-0.630859360436842,-0.9939844740527282,-0.2184964984434377,0.0027809566602047414,0.010057873538644796,0.0034840725700903104,0.0037224223682507727,0.0009218185747014627,0.00036415328712960377,0.0010960879799698617,0.0005268824196977106,0.016811138966299082,0.005038800973093915,0.002821894953578163,0.0030538629871524783,0.004551610885908891,neu
0.16036261331666146,0.007741886260695507,2.458004659496378,0.22878756843258732,0.18365602903548164,1.5514296253620112,0.00026590990322987646,0.244375,-23.19833854501194,-0.09111917501581236,-1.0888603608343834,-0.18648177297417676,-0.2839938337249564,0.029370600774872118,-0.7456908370389943,-0.030787232128569708,0.16108417797355631,-0.5902348724230876,-0.6297042437998659,-0.9744317681904219,-0.26071832557685387,0.001349764605097808,0.007001770544907293,0.01472915353487718,0.0007267733737679559,0.0004062844997286014,0.0003630342172500786,0.0005558146421632099,0.00014940756312642887,0.018710549733869167,0.006263323799107084,0.0020728738552899494,0.0025374145074268406,0.005902980199679433,neu
0.190997186620819,0.0003581637362550482,2.2251416453130903,0.2781958056626043,0.2521538361463188,1.5125307025945118,0.0013564354794749107,0.243125,-26.437550373025115,1.3882079064834554,-0.3453267954625026,0.061253595972506666,-0.22295553817703692,0.12725700075021987,-0.008819149507160267,-0.18299856473597698,0.21588081176253748,-0.4574662743274188,-0.4296170051030719,-0.582459011613025,-0.45973492038723707,0.016546791732440082,0.010541741765344025,0.018641596416832048,0.0014185148637087407,0.003513220198107677,0.0046376565552071,0.02829129193434974,0.0013999080665956444,0.004814781821840449,0.00284850595512457,0.0057419122136892,0.007824527431894398,0.007936783395906769,neu
0.12910284463894967,0.00030370978763821755,0.48237857714458143,0.25070084216104177,0.21276254771121567,1.2016632001146148,0.0018702946547974537,0.37,-27.068575335637107,1.49044494493636,0.3699747909453892,-1.9318037820169982,-0.3424407798971448,-0.2520480094176566,0.35318342950667103,0.23762822822166715,-0.10696643257394559,0.07943585343164121,-0.10653491970329336,0.08776299997416662,-0.585432143977857,0.011401163803145492,0.006805189525460976,0.004305618993959877,0.002828649817690459,0.006625556141260812,0.007102842840585466,0.004528975630164311,0.0017633754752387903,0.0030104922668910033,0.015191121844613163,0.009437802180577382,0.014100337485972758,0.004245722687784087,neu
0.14035636136292592,0.004123097417747581,1.4637519632737686,0.261406288168313,0.24334346125932405,0.4496960383366929,0.004328636424597836,0.060625,-26.1730853095369,1.7854081441551175,0.9594527619891005,-2.347070689531716,-0.5571170204086894,-0.14514592147872502,0.36318417436378647,0.5098025150911828,-0.35734477897125305,-0.386632769763949,-0.8648359881044385,-0.5065519428216113,-0.8834699815903424,0.0608391131533692,0.017844175809955176,0.0031191025129919774,0.000347872793550259,0.0007643872513192705,0.0004876953010709085,0.001274753158660708,0.00020052562634550043,0.00012516201285177052,0.0004373104402387185,0.0017607460579842735,0.0013971543131029785,0.016791056279920683,neu
0.26727102219443577,0.004898764238762769,1.7693879818240574,0.23808056885487605,0.235561603877821,0.8439267873069534,0.001363550566680317,0.125625,-23.66800350338311,1.3738192238972016,-0.5650690355460205,-0.9712557724694938,-0.6577077642859116,-0.3543121630750219,0.08496346527316119,-0.04857766932425936,-0.14507354288003035,-0.665313126168454,-0.8344721681722289,-0.07434936811026621,-0.2531962486614007,0.044316356035404576,0.020802555604037078,0.002365184943872362,0.00298150697534091,0.0047482508743320745,0.0020434908047310294,0.0014522180395881805,0.0004934420267431623,0.0004969122582681914,0.00044625503043861674,0.0019783828572825634,0.0016042641160264354,0.012459827126106153,neu
0.22350734604563927,0.006971491861429544,2.3021063027259636,0.21909395444322202,0.17930429244674448,1.565706260146607,0.004354612704526269,0.20375,-23.458742790503035,0.24539496870292998,-1.5347081469079187,0.23951654232209252,-0.6487278749237305,-0.5598543199988649,0.050560625441517085,-1.2288206948981497,-0.12806590452403022,-0.6467034424512242,0.08653164295123777,0.5134081598996738,0.7517920144375404,0.0004370983582600681,8.240969268823182e-05,0.0004733483013989676,0.008076936937268126,0.002959155522054354,0.0035338554363591045,0.0025612572208422828,0.0007634511975457347,0.0004434226106149406,0.00045108545276531753,0.020588426759491955,0.0030638084102828657,0.005556569473808709,neu
0.14504532666458267,0.007020860597444485,2.596633647821708,0.21900881533164787,0.16863849560334807,1.6112190212312774,0.0005489627796017348,0.20625,-23.112011160906743,-0.08083812061536763,-1.3678714521888415,0.4456494455938091,-0.4717503351104419,-0.5200503337218869,-0.15752318384893135,-1.190549988217156,-0.30753519219511655,-0.666083522773757,-0.19609230792479648,0.41800242429836454,0.6259817808152021,0.00037069785783257263,0.0003859559708378061,0.0023477503496679483,0.00545460185514291,0.008999089290930391,0.004211832421082716,0.002982096330235552,0.002805433558690459,0.0004117064000641615,0.0013147494149420558,0.014729793314779386,0.002123498705452495,0.004052003657861126,neu
0.1628633948108784,0.007861715170345014,2.3764507386154303,0.21284728307741999,0.1604058660920168,1.1132655585107134,0.0024270714618633547,0.19375,-23.143290802868542,-0.37224160137392676,-1.3591244339961872,0.7427583249866134,-0.5735484918889303,-0.835543703921139,-0.290908617981369,-0.9621685207170084,-0.560687128840565,-0.3786372010742477,-0.3146537853864171,0.22261438741438092,0.4981677977445584,0.0003865042657167392,0.00026879647259837614,0.009872845105369977,0.0030762400898717954,0.0049853477987109075,0.0010416518727644534,0.0048789236837315005,0.000496811690242257,0.0009119720026399316,0.010482596978783986,0.0012020718348056724,0.00014621665754036708,0.0035423065192565404,neu
0.12879024695217256,0.016710175239256282,2.795491689341795,0.18252297086790342,0.1243264696223555,0.9592025317612266,0.001656236949256836,0.18625,-22.759024954628927,-0.5781849707723656,-2.0196257779463167,0.9170741215381373,-0.11964570436775286,-0.6996545821377983,0.06804644605741816,-0.6280817167235299,-0.41990548848370024,-0.5337214579332991,-0.7656400946594843,-0.6416441863483646,-0.08940888493053159,0.0002996920425517685,0.00574259873263035,0.0063533802651462214,0.002517755890738593,0.0010668411011377154,0.004656363569723531,0.002219925171139851,0.0006636185122045952,0.004046136218866962,0.004173275845997548,0.0006507003619513376,0.0003037837648275988,0.0021053121821970893,neu
0.09346670834635824,0.010488778076947475,2.1974533847204385,0.17863792120788768,0.14575803423781925,1.0081740616638806,0.0012126250469269256,0.1775,-23.731584275972395,0.23027205977857249,-1.9314175902360284,0.7537790413557759,0.14515160122105078,-0.7340794311397801,0.2757787360835109,-0.4714868507878379,-0.07637032426732653,-0.3114587726008967,-0.7314940696273463,-0.8591188377824736,-0.3591730137158586,0.0004979097425598777,0.01757807253928463,0.005773560117323285,0.0002812797036782645,0.0019105269223410265,0.00629619633752309,0.00021874656254941238,0.0010042394675327596,0.007419963877214718,0.0014502234785554434,0.0003408257870722687,0.0004532488094844381,0.004905611216447374,neu
0.06845889340418881,0.003742496542191695,2.2479038277633814,0.14289614383739974,0.16158855461916669,0.7607583850357763,0.006871751600840679,0.119375,-25.060588085306048,2.599976833989343,-2.3140932488990074,-0.4602606913011427,0.16209333102932766,-0.675881967265487,0.3120237001082293,-0.14374965155270214,-0.858652310289573,-1.1453157444921658,-0.4578355009339714,0.023150820045096117,0.2287287534796239,0.0028990016172328625,0.015258564627912346,0.0005041818943130228,0.012992745723807557,0.03589248210435838,0.007082315360985019,0.0016569610586175166,0.0002810508896771328,0.00035303624324681124,0.0005358978378008227,0.0009366973653993873,0.0012421102506776141,0.010107345979477385,neu
0.06689590497030322,0.003461165606579913,1.9670061471696254,0.1268030135333611,0.1337137728014918,0.6976482929196928,0.0007580720291339393,0.118125,-25.839937283218372,3.3347714677020877,-2.41195847349289,-0.7597661792012749,0.5092938357129789,-1.1784978772021582,0.3071967500559703,-0.09059708152441058,-0.8762537609878338,-1.1917158520541962,-0.1797791537919434,0.08675540005291373,0.30462331125296443,0.003312819070370963,0.002688412291884043,0.008817471211338194,0.015885971427525618,0.04606737190294691,0.009998745241081658,0.0019293554503062122,0.0001276670763993249,0.00012249860090762568,0.0004623717891102779,0.0011783128342457716,0.0015575132461828158,0.012485529373433517,neu
0.06408252578930916,0.0031890822926123425,2.126125376261769,0.167241360817683,0.20284022490572237,0.7583142933506346,0.002043548268268864,0.11625,-24.686697295000407,2.2779811699867767,-1.8435004023686665,-0.6261880292705183,-0.22392274507578788,-0.588202049628352,-0.2555960456075071,-0.10128074990584439,-0.9280467301001472,-1.0815401420796473,-0.07355189638816674,0.45142271966575304,0.2902689635964356,0.00321897707301119,0.001675309635004126,0.019946539612118053,0.016141955134990702,0.013462010092406673,0.018468292404495858,0.0038091522180387556,0.00033842410145569414,0.0006710370080616285,0.0011121913687003693,0.000702405651505564,0.0008413171306714684,0.0074883119368828865,neu
0.06845889340418881,0.00523718506746734,2.8531325344688683,0.13153572907709568,0.14261677374428605,0.7211683112244486,0.00134389872557061,0.11875,-24.713690195064757,2.828224641338133,-2.3015052016087556,-0.6643274878814461,0.07449129686475381,-1.1043164695464434,0.3366333600480346,-0.4332022646629882,-0.6608396472292957,-1.0963684619133713,-0.42020573908446623,0.4351314375248578,0.46599716799558477,0.003280492107666097,0.000801451362177581,0.008360522031054545,0.007669554187838354,0.03615706287849652,0.011496571080403794,0.0024520462237976617,0.0007911609187215917,0.00028550127804344896,0.000606770515597669,0.0010508677377003709,0.0019218868269030795,0.009679617289290534,neu
0.15629884338855893,0.002514610730701784,2.455353770293195,0.20879241145212368,0.21822031041729617,0.9117218775204653,0.0016906335789572456,0.131875,-24.426939596856403,1.7089509501520241,-1.4882322140457844,-0.6402383312442216,-0.10517384058062114,-0.43539279567249606,0.3269112402879803,-0.20689329717422933,-0.7039867893694343,-0.8294843178371664,-0.299646126168741,0.15515577351803028,0.24675198806448906,0.0031766168843278294,0.0023074968580217695,0.007320749271290133,0.007818673857094973,0.019512973807177772,0.004211161236804034,0.0041669712317076,0.0012795452928270259,0.0006021256762076907,0.0011615270474856219,0.004176903444081308,0.0016464402810949252,0.0049591414073953885,neu
0.23382306970928415,0.006081318846275203,1.436257871134486,0.22163414584990265,0.18342094883587495,1.365903570031927,0.0038000897865995043,0.214375,-23.418251316204042,0.2720820733196822,-1.8010396395059918,0.23754171212592068,-0.0742712810067971,-0.4230137824932546,-0.3363557532055808,-0.9723320857689493,-0.18010657545980346,-0.7897903343019377,0.04100260710184049,0.5904701260542009,0.3477404135069905,0.006463329048545014,0.0011912683541783315,0.001291999185184798,0.00016497570408316524,0.0029094848724977337,0.008685864076964147,0.00466217625722662,0.0007145102756724188,0.0010096628797079314,0.0015630311953567524,0.0009581632376766208,0.01015424976082876,0.0032498645038703585,neu
0.19381056580181308,0.008749699619655289,2.249579598302861,0.24253204882563115,0.18533682987268535,1.7497855845389936,0.0005125635956778136,0.26125,-22.34741392264967,-0.025397547033321005,-1.4174255903174844,-0.38880423298671285,-0.402988954665745,-0.32672169612251645,-0.44306124910186623,-0.44737588441824705,-0.20169725267220606,-0.8766978865603605,-0.3770570094513528,0.20052340923449688,0.5974660145314216,0.008298583802034052,0.001483161799545956,0.0033700224786921413,0.0019845254820942903,0.005837299282231628,0.004786355239626292,0.0030527974514999675,0.00046051817474066826,0.0007651831983697509,0.0014173631327611873,0.004026475517636642,0.01155418163136696,0.0031729783803488964,neu
0.11597374179431072,0.004596823093981049,2.6810717165009907,0.2679489038291857,0.20260358182308016,1.9348981375801848,0.0013074225840669824,0.385,-23.245829687016684,0.10593519919409068,-0.8409190797874059,-0.9144814258944923,-0.6264312664902254,-0.505564654873166,-0.5437227708910173,-0.04807641290720722,-0.13262281135718676,-0.8736903509379345,-0.7878445505599926,-0.6128052628652888,0.5028661435317094,0.0056018074172399755,0.012627933140352645,0.02494536754013664,0.0041854009424690235,0.0036353318248272468,0.0013150026725042032,0.0006897426478180321,0.0006976178029328106,0.0002190156210764463,0.0011138938438455656,0.00937344281049481,0.0016466200875121433,0.00692122054855111,neu
0.14692091278524538,0.0029369119059762016,2.6951711257924567,0.27231339348706,0.23321043666932884,1.0326360403640178,0.002140887483465017,0.225,-24.928992175444773,0.74781215202549,0.08640032746458243,-0.33231514765642045,-1.0933767413672502,-0.22243341644124306,0.12246287129493459,0.18652905312716742,0.08835339205027327,-0.36040078157445427,-0.8525525795436427,-1.0691548116923755,-0.26164629016476354,0.024986012001927432,0.009228146045052047,0.01626957749533819,0.0002125800175856792,0.0005542134141562664,0.0011013581118523282,0.0004908152212899056,0.001258082089213274,0.0007185771465952555,0.000759419411049768,0.0015109577139211432,0.0016818733615049843,0.007615283573091137,neu
0.1522350734604564,0.0028088326764346737,2.805768260308734,0.27440390120940206,0.24252264636328152,0.9095727610685398,0.001904575856324606,0.2275,-24.829442212424183,1.041397360409986,0.2666946856532204,-0.8561664908242933,-1.0143549962555676,0.2108119330355152,-0.03256686953198045,0.027813832435430993,0.22108022682652098,-0.34362557196916954,-0.6647247337749537,-0.9598257004676964,-0.6462440857907412,0.07786871088400815,0.010402870546921327,0.007008150476020853,0.000540719429584216,0.0006341189133209359,0.000761673101006919,0.0024774535745758545,0.0008976985016426384,0.0003316382016268749,0.0023902381432957804,0.0022482427620867337,0.019445097706741146,0.02104728177837281,neu
0.1050328227571116,0.0017766669245253216,2.5364702623263273,0.22356778933211433,0.21600820770904886,0.4625038577509781,0.0013739850365329168,0.05875,-26.398307222274678,1.6750141082233623,0.6260012916949549,-1.3916655467628185,-0.23234649235595334,-0.45577673126728113,-0.08845801409242447,0.029273358187407467,-0.07540951047651784,-0.20038377965570206,-0.6897907080133499,-0.8876413212346065,-1.0847581978107204,0.026651307452865917,0.021802534624549282,0.006304601380475247,0.00022873148470107951,0.0003341192695368351,0.0017106199209632293,0.0025637014275185738,0.00047689005986973265,0.00026751800099123553,0.004741566483169209,0.008154711918280863,0.03866798276293129,0.012165523999651465,neu
0.08721475461081588,0.0007136258840684324,2.967290237597179,0.2154769427633935,0.2135953005721731,0.4481894800979191,0.005656263495214428,0.075,-27.829271538069808,2.251934280504795,0.8399947580818292,-1.2468134806748854,0.10837846343864886,-0.4373288801863663,0.27286669945633224,-0.173066527305387,-0.06814946053883296,0.009986926325763085,-0.43496752427271956,-0.400736275433615,-0.8478620155061213,0.012128828909500755,0.0009619521154982996,0.0017835075767907286,0.0004657123609639401,0.0007638693972645167,0.0067000082915000345,0.003991431368198206,0.00023489499256499656,0.0004457111996491708,0.0032826419621287514,0.06578723771285745,0.05596044812750071,0.02188077389719721,neu
0.07252266333229133,0.002408065755648168,2.868179858609917,0.1659502037598707,0.1459376733310977,0.8561731916349831,0.005467822988568917,0.17,-25.026054004825735,1.0562632140148294,-0.4491368949532131,0.06611576880756118,-0.4837470807205489,0.6205146409997235,0.30982190222813566,-0.4300897637032967,-0.20447790916984168,-0.06215498324103489,0.026136430846442484,-0.10943080596030157,-0.6206598226067154,0.0014455246616691655,0.001704360148365537,0.0005552345457532093,0.00037227559851400846,0.005991154397132631,0.021167105013457914,0.004192821067979462,0.0021439611650438772,0.0006792485979875986,0.009948345452765402,0.04737691410623617,0.011148700629015025,0.013008514412140938,neu
0.0787746170678337,0.0033768437598823454,3.167618505659078,0.17839745453910089,0.15883732758302876,0.8936148610903528,0.0013347940502917662,0.1925,-24.993070528761365,0.9383880767730858,-0.23742928310114988,0.07695461006042252,-0.7358679069206182,0.6064507201667643,0.0351656194718173,-0.38281532665423673,-0.24548159460804655,-0.23508929703731107,0.07185242249685046,-0.1497858463826818,-0.3844025396278127,0.0005257142280886056,0.0022811487632494886,0.0001675772622839058,0.0005707330790308075,0.002566415230968641,0.01120159002045095,0.0032489944770747875,0.0011773243930848147,0.0006518449468416145,0.0029477715284304067,0.12475593279771789,0.008423730215949518,0.03378848098626927,neu
0.08971553610503283,0.004783205337504483,2.760868839470916,0.2092300829896569,0.18767930852820278,1.4447159111423757,0.004742942336289335,0.219375,-23.155158805972114,1.1945816720493705,-0.954797060552773,-0.5237853788515178,-0.4904976577733599,0.3983754395782535,-0.18781844083625074,-0.5133454076822864,0.3228089099782265,-0.6976043189693344,-0.1383844009021109,-0.6191447341228158,-0.6313194543419034,0.009780978094744965,0.0025741484823759556,0.0008996266322458704,0.0009198445892719108,0.01032262151345996,0.0006433233663900517,0.016485252883210694,0.004632229871401165,0.0006786816940141927,0.0007680934699329947,0.07828259070184879,0.0370466932124979,0.02196740649955939,neu
0.11534854642075648,0.0077926321388373234,2.6886518478811614,0.21778697215754705,0.1855993001731282,1.523301320395273,0.0016535452786763897,0.189375,-23.0319815310337,0.9079394557537827,-1.5042491634123223,0.248822675984906,-0.2729945677342891,-0.2060596339927031,0.26841469825254066,-0.49727859478878145,0.1841561551589939,-0.4590986744791489,-0.11689205978020771,-0.9024060474415068,-0.59279077188119,0.0017347636954229923,0.002097919112716589,0.0012842585867325585,0.0010881354399140972,0.002243830978251252,0.00020258272414088862,0.03276183199612061,0.0069270374886449,0.0006297305500488476,0.0004896485868155769,0.002152944457066035,0.03717802460188736,0.012473758590491093,neu
0.1716161300406377,0.005417182320622496,2.306082870721403,0.21704252423307235,0.20235224618266032,1.3542359266692636,0.0010273421165590537,0.16625,-23.368897628212785,1.303310164540408,-2.014746298106474,0.32208466801695945,-0.26147461688078544,-0.7397481441032577,-0.19481511251357,-0.7435083885846878,0.0799328217886863,-0.19415029138848047,0.14209598621196134,-0.34575889305450486,-0.34593105997211443,0.013145279850462845,0.0023621866633172814,0.0006673882878891883,0.0006742236910698235,0.003395947385939947,0.0008286119600521631,0.023758052357377112,0.01508104107583855,0.0008088635086833054,0.0007003723657869681,0.0005888621575717766,0.008857646726152971,0.007330309446382257,neu
0.1713035323538606,0.007606140039509515,2.6998575874942765,0.20578898915765947,0.1838924628018223,1.2451271904248027,0.0036609030675791455,0.131875,-24.35452446330183,0.5277416440356202,-1.3780146672711377,0.5147184862999441,0.33750947309313806,-0.8802244881718915,-0.7294558053870972,-1.0820609518669941,0.1074445636915739,0.1190637270886496,1.4239607872667088,0.5801188387696793,-0.6473904684087666,0.00022363843701952413,0.0011902313546165199,0.007222171615027197,0.001892209455365887,0.00012946620249285556,0.00012782463721841116,0.01189406360764512,0.006414441808741374,0.006246045313483967,0.0006557006000844003,0.0009394831779527971,0.00037832432255921917,0.0037001934892027166,neu
0.10722100656455143,0.007882264400699467,2.8341511860635222,0.1819884462910724,0.1601602928843677,1.2156136984130832,0.0007377071133085924,0.135,-23.855269882211314,0.4822926364045483,-2.0564774351056787,0.05130515905487186,-0.10448515862636047,-1.093558206605496,-0.6741149791453142,-0.8356477249711516,0.551532667115309,0.4481739636439526,1.362097171291446,0.3421001001506111,-0.7797067150459348,0.0003168421263864827,0.0022935839980410045,0.004316160630511724,0.002377850405538168,0.0005677140436406029,0.0004230209928451438,0.006979951133823261,0.010652968279653036,0.006015276397806061,0.003180281394548347,0.0013488429594918304,0.0006446640480636345,0.003073693179055229,neu
0.09721788058768364,0.0012291438746328779,1.9697581309611327,0.16858089354701547,0.15737302447555235,1.0783763510797528,0.0033105733516621025,0.14375,-25.91001144725577,1.2513981199062754,-1.5031473630528704,0.3696590406879795,-0.24551054506380482,-0.8406837469297971,-0.5480816912708537,-0.35779853760885294,0.9746623414597064,0.7262134367185596,0.7885971803287404,-0.40904573452680804,-0.634566753078404,0.0013504967119192669,0.00039485368824041797,0.001798584655634876,0.0009876355726746375,0.0034292325279252534,0.0013149724550434662,0.005064228310132905,0.0009660069483792132,0.0034386184753156337,0.02687460921650601,0.006483458092097164,0.0051028500633005895,0.006926370250955377,neu
