0.04626445764301344,0.0021824896833554062,3.200868839931887,0.1462812847667687,0.1866642034924274,0.42591499972404906,0.0011388020763735654,0.063125,-25.170163246755955,2.262404376108502,-0.15182061146067344,0.4171485204117406,0.20101000930818486,0.2567667043100452,0.10028697390127962,0.2150069441507634,0.09263154547945851,-0.003410914577288976,-0.21747249163593244,0.005189060345416995,-0.08963894134023664,0.023333727195586185,0.003605697207529255,0.012716894417958079,0.014726168914935224,0.023599878057462054,0.037860875512443354,0.3781608453627738,0.0019663526981761295,0.012927512387529328,0.08254534721545144,0.04970259555281432,0.007928598757835281,0.10014233998824036,sad
0.04845264145045327,0.0025330242118166684,3.1787217419387472,0.14298247146993853,0.1873521912751778,0.355800764968916,0.001667744778310755,0.055625,-25.185479088072974,2.327092365504094,-0.015258416177079272,0.31710318214585176,0.17357744449218526,0.3577255314501195,0.08342697168993898,0.1959382215953706,0.03895753596108637,-0.10755697258588227,-0.3078793686469411,-0.06109190790249143,-0.043214296636829484,0.022000861583256304,0.006222678750707772,0.014275897672364835,0.014748396499443652,0.005247148228835025,0.10115148171904069,0.26772491365283313,0.0006727134413573551,0.0035900855713118783,0.20721556934936966,0.02673451582194693,0.0012364938061449472,0.08614315431692637,sad
0.054391997499218504,0.0021650236018974246,3.1758568253188324,0.1453909375411665,0.18887982836657935,0.38541970282291477,0.0008184628614768348,0.059375,-25.250705144996786,2.3270127189325747,0.04801573514154687,0.30302154515531116,0.17391482203313244,0.4331697245484645,0.11779692394854746,0.2883788859778388,-0.011263046047847594,-0.03552523363852475,-0.1655012883938887,-0.13682371457465414,-0.043697236741824914,0.022481281708469452,0.0035468714715369753,0.015484376863247464,0.012755166446200037,0.018372730889957063,0.05908976886277817,0.2904942516551067,0.0027493343201294624,0.003283509379182938,0.16391498089933734,0.020523650105054185,0.006927933291865428,0.08391350586665093,sad
0.05658018130665833,0.001575951493044525,3.2547043569368044,0.15030564413423614,0.19166013578745614,0.46549773434078834,0.0018147443303893863,0.07125,-25.43413132003814,2.3028309377351195,0.0324038057466276,0.40270327355549196,0.24339480710717137,0.4055978262967519,0.11827838842526603,0.17934187609740454,-0.10968070308859384,-0.025089209358357314,-0.14679113650200218,-0.2721997908035283,-0.08666683534271381,0.019071412119305076,0.0066574562029055396,0.054775021683941105,0.006910736460671474,0.02030377879829219,0.10812880173861579,0.0522023458289267,0.0015744259546236767,0.007065373908321103,0.12030139472381775,0.04257885268687091,0.01578945340868354,0.038289505745484974,sad
0.054079399812441385,0.0015492847911812483,3.238312186726201,0.14973650409761308,0.1902352529886248,0.4595333799278096,0.0011353286049091132,0.070625,-25.513756619788776,2.2584571091603887,-0.08655726264664913,0.33773352548855196,0.23759897959922432,0.47014917580396154,0.16273945145242738,0.16020241438828356,-0.06779390273167438,-0.10543763149820755,-0.21727025268188493,-0.21747701990570625,0.011716730324149096,0.029363697673844464,0.002493881285903389,0.06248463881508198,0.005029294301476452,0.05703819178356202,0.07166006787305504,0.08735421477080885,0.0018041355817116072,0.005938363533175656,0.1761336292008194,0.010727412001505399,0.008620752680465133,0.04970913918571683,sad
0.044701469209127855,0.0023752086166874548,3.028667505032953,0.15411636495148384,0.2042648587350219,0.3721040396337648,0.0015604489179023783,0.06125,-25.276644993285018,2.248479206896263,-0.1741202876156431,0.3329406615938512,0.1593443998942031,0.40184573623510034,0.17644477100289827,0.22459759248456215,-0.010315356309633473,-0.07995039013392988,-0.20933627717448913,-0.0767545725064486,0.1370420257097561,0.010253005575638836,0.002971071813981558,0.024731246956202484,0.012450390575195192,0.01087883038793774,0.04969312402161406,0.31065043358207745,0.00039648878774418294,0.004602403131555946,0.18388541609585363,0.013065848388994297,0.0019541364679253282,0.09191218697260524,sad
0.043138480775242266,0.002812882300582211,3.1347775734477734,0.1405622281382271,0.18399456638256753,0.32403155414443197,0.0012591411974486049,0.043125,-25.359155816711027,2.23583289197225,-0.2066735226645955,0.30158991685940273,0.05989898663194054,0.29436082851428796,0.08568904299767338,0.17696312441955656,0.005205097997010421,-0.08850017782186195,-0.09773108414678229,0.021413915229518125,0.034800373768385906,0.023116985866097704,0.0007677110302788487,0.03515967680265031,0.0053701429467435755,0.0029436820784928762,0.07716682966695661,0.34784920139570663,0.0009538295560158204,0.005731498746822236,0.1600249076690791,0.04048539247547546,0.004971549342495657,0.09776805410198165,sad
0.05626758361988121,0.001877464050918059,3.192233893756622,0.14864380506543373,0.19096980521470666,0.43011266104568563,0.0014427442672411337,0.06375,-25.359934023695395,2.26828098978971,-0.0795002538684764,0.4353941874225706,0.19925382235946126,0.3269342603867981,-0.033969771283402866,-0.007213956092835158,-0.01695009372256195,-0.040797594954388464,-0.02819824063062636,0.07209620122845585,0.06914396684755418,0.02422979741617999,0.0023330467151802315,0.058067992132523394,0.010108632219910348,0.009088185915363322,0.048449355282489524,0.32597969840847624,0.0011955561713013717,0.005941457655776925,0.06437061744015082,0.07594498164493216,0.005153082040744986,0.08639453499668737,sad
0.06595811190997186,0.0016100009690475684,3.2384192053274985,0.1659325162381833,0.2009995256884946,0.6010272005699895,0.001782513049634585,0.09375,-25.124808260426196,2.044319223069707,0.09379016245778674,0.33803638956237325,0.32206096711220056,0.5591496873670511,-0.12295695392331275,0.2031109174987548,-0.14869190898724008,0.07168645171930611,-0.22724274795507465,-0.07743599554444013,-0.02322437159184019,0.04204292373459064,0.0033999835914182183,0.02548982165123719,0.031066611025657873,0.035192551465160614,0.02885907585408978,0.12682978188017854,0.006232886748537019,0.03973820770386095,0.06572181753915582,0.062183696795230205,0.006471360101807316,0.032576949722245445,sad
0.0647077211628634,0.0036009758796324274,3.044662121167406,0.14637029913207458,0.18635189297477459,0.42653074310117783,0.002309301020719324,0.081875,-24.056240730486817,2.5767702736289224,-0.11079052994889668,-0.020753290814367924,0.2632561630767428,0.5905900046637678,-0.14261772438303078,0.11936336808321546,-0.21012831565687892,0.08420883651504761,-0.18091314832229863,0.07026159791498224,0.10512967665802007,0.022404874902997467,0.004388626094215509,0.013468830326561928,0.04464056734232163,0.0668694111271905,0.046864107870412716,0.09952042911358679,0.0008192648456751067,0.003049606793150417,0.031054028779328748,0.032640980333834925,0.0047603226367379705,0.028711071549657165,sad
0.061269146608315096,0.007007106764594215,3.2359998419757696,0.12875444522995635,0.1589654823186498,0.4438753297315491,0.00224774580119653,0.088125,-23.116082880941395,2.816969808960182,-0.7060390403429182,-0.1706913156543572,0.32847738831628154,0.2602304198519323,0.08801162933533056,0.1955634639752095,-0.3273417452475173,0.13672588549608505,0.04445766659353116,0.09834639275547476,0.04763691573139995,0.008181508521682684,0.003771853273640566,0.006087608416390502,0.0433832344412907,0.09390364176015126,0.03624243192922566,0.016667045362469345,0.0035014000244935448,0.003808465054115416,0.09041440358204923,0.0037544137087342244,0.0019295767562297022,0.03232039200456575,sad
0.05845576742732104,0.007698992441221269,3.2764137454958484,0.12055158558737904,0.15191764684800507,0.4543880381791356,0.0018765806811445775,0.08625,-23.11031356201768,2.9243229272202753,-0.6078830829604865,-0.07080011402662127,0.3783267459660512,0.19864334338229714,0.1089933714617698,0.1567828323110653,-0.41809959198824653,0.03328100467326121,0.03800495734108334,0.0017171920899808212,-0.02664379202983284,0.036148009175766056,0.03325543995346829,0.005151066766638043,0.018735014435617894,0.0217231794635394,0.02825268715241814,0.016268925835271328,0.006426428615785706,0.002229063361731276,0.09887499259826886,0.013479062775760355,0.004046281514964734,0.025159854115585713,sad
0.060331353547983746,0.007331097667476194,3.2782593545882097,0.1201186536213779,0.15207612859185612,0.4324168143811877,0.0029913235077622456,0.079375,-23.18302350566197,2.841022282098253,-0.403128559691958,0.026382166652249812,0.2601124163521621,0.11039943269291587,0.2255635805781197,0.19603113935171965,-0.23635902275475407,-0.17001104192452826,-0.12834565617516244,0.11597868498326375,0.22279692269870727,0.09943578273394235,0.033747386736899206,0.020330258673573604,0.011582101192360968,0.013643059998940655,0.00729541225057217,0.023704317313060944,0.004074123676120438,0.004682922223913615,0.03648939586337521,0.031192964609379783,0.027110297684442605,0.024620341121012183,sad
0.06533291653641764,0.006170672826378234,3.1926040792364865,0.12035001613980847,0.15367706521882382,0.4784261919703002,0.0021079625255564826,0.096875,-23.337916416298064,2.932054617375466,-0.5809427060470473,-0.06019997767680828,0.36921133669786865,0.18791524424363468,0.30087573813545143,0.1048953500274498,-0.08902861604126486,-0.1462010629508338,-0.14610263265719395,0.08429581560671473,0.32330676873394987,0.041358614901554826,0.011492782211211685,0.031244498247568052,0.013901282124675224,0.0031124727484950574,0.025024677822002784,0.03948020847944807,0.0017548912512079329,0.004467442488554246,0.015985774799561498,0.039901382785813344,0.052261083380067186,0.016522655043319588,sad
0.05126602063144733,0.003979047379397036,3.1676374960679308,0.1215605846997782,0.1618457181030665,0.4118966971455979,0.0025021968720309053,0.09625,-24.122509077887514,2.899899745109776,-0.49275512287829304,-0.07968038837565647,0.24494283371687714,0.19412472329826846,-0.03410858618770869,0.07143011728902868,0.11541862782455276,0.05713945926175422,-0.25137612544194754,-0.09597681844090132,0.13460571964551504,0.038220059619619474,0.003241940042582823,0.020578523706183766,0.008152974461093298,0.005755511562584617,0.019909396507198664,0.03836758290577156,0.0009320478236549338,0.004467454342935114,0.13824508000407493,0.09429886758551609,0.0147243829171105,0.04044597386829612,sad
0.04626445764301344,0.0033349621466277984,3.1934740115279485,0.12910839788948264,0.17411029576192666,0.30258726189599705,0.0033223111339187677,0.051875,-24.834348417885032,2.6791729591204483,-0.046669618897625754,0.28854677513315885,0.09825162909934142,0.28915535031418654,0.04744167120311805,0.03773727275165974,0.027153656854867893,0.012252041039468205,-0.18857185523605205,-0.08947228924642092,-0.07236672933991371,0.044796120452575305,0.005723014856698287,0.00450620739809951,0.0070958485323012925,0.012077671814701887,0.015925948714826457,0.3954245234890363,0.0018369923238355384,0.001334179515609735,0.09957296252005808,0.0299843055220131,0.005630998876450168,0.1069588491855646,sad
0.05595498593310409,0.002675486100788656,3.1965368026631684,0.13610415473072426,0.18616282571181944,0.3634597458127995,0.0021133676532216514,0.055,-24.965932289327036,2.5424350793583637,-0.0019546474691678442,0.4322569106249565,0.2192421424024206,0.3513484591579503,0.028759615057290393,0.02892226824159921,0.022293551138369498,-0.08597932219837104,-0.23523046988729837,-0.003717143300754008,-0.07594942136410825,0.007840654138294437,0.009128841555476185,0.027087426403346365,0.02224227650428835,0.03029136634571038,0.03759827196401056,0.2214373666994936,0.004523021620208221,0.004324939958906582,0.05972511892603366,0.07354037054004414,0.00747414067368984,0.058122846480260115,sad
0.05970615817442951,0.001919401842345278,3.228237391697169,0.13969236690950698,0.18250165885035857,0.42672252811274713,0.0016034145183352506,0.06875,-25.310398231876867,2.334790219701045,-0.10871142511889412,0.40244527072793124,0.3083619944421374,0.4575604538368712,0.005619529304116394,-0.04162858607219752,-0.09230919377280304,-0.17004768260357211,-0.3149798741027321,-0.04290891802001916,-0.01071821481519774,0.03600689187794413,0.021976577407452527,0.03407309637824833,0.014289383652924413,0.04403640998658897,0.057520673248112476,0.0666642179433471,0.0038641827409149525,0.005401153691399977,0.1335305636376262,0.07690059435171522,0.002341537702968672,0.03660473472734414,sad
0.06720850265708034,0.0017258173571909141,3.190812085383582,0.14856376664909993,0.18683759664056707,0.4787677277619402,0.001484199595207024,0.076875,-25.17499864936515,2.414812355847899,-0.08848816674247015,0.3368649451517386,0.2592114788578895,0.35057456759105377,-0.018021884415214868,0.06021015733229091,-0.07730649257077563,-0.03443545358704893,-0.1944340393211872,-0.036157248962587686,-0.0011902348526738175,0.019695740296219948,0.011659317232260902,0.018879129430187894,0.012568325811463828,0.011136665043455658,0.043701818210930006,0.04983549209314046,0.0014402349724835157,0.0029228662406962994,0.2657936668879499,0.036174797062977014,0.004816328436856273,0.06979391820073137,sad
0.07221006564551423,0.0015128371097217319,3.1977144065324605,0.14948326838344755,0.1874090462336068,0.5468178847016351,0.0015039786255878524,0.083125,-25.249131212555266,2.312808675179556,-0.05289326628055985,0.44829123610034655,0.27522257002993766,0.3479326921886389,-0.02408901380802764,0.07533256947874,0.0015170794312844764,-0.009946261651561641,-0.21374872802932496,-0.03497714411403894,0.02126057090098195,0.022860502497487903,0.004204652995100315,0.03300825403054031,0.008274999587212853,0.015047472235021706,0.11958105282528568,0.09615710726653055,0.005132561143595218,0.009556643794893033,0.08141304387794744,0.05473732231531899,0.014580631800297797,0.03812353947589366,sad
0.060331353547983746,0.0018290819657057976,3.1655083252555225,0.14289004102541372,0.18363931624325794,0.46517474251931756,0.0009008539956774737,0.066875,-25.315216840311088,2.2537007844739074,-0.05625102623416349,0.49171749344544063,0.27461371213229596,0.36239174314053385,0.019829207509131076,0.1078418943616932,-0.018511222487389414,-0.09346618811885181,-0.13492198309419226,0.02127790204905942,-0.03572604029282378,0.054321500657712816,0.0016490548213719208,0.026446777366648556,0.018365387567781336,0.03376526969511602,0.1496182024188324,0.15938108647619306,0.0017797499422293672,0.010921474365215983,0.06380319748045343,0.03843753798144934,0.001484535036068686,0.052009896210944116,sad
0.05095342294467021,0.002279490805508812,3.2162134976436643,0.14506146347082338,0.19090374005441402,0.41581273615795317,0.0015904320716048424,0.055625,-25.192774857824865,2.341170065902702,-0.016264021285177364,0.3954826743432874,0.18028475984339593,0.2552022913113559,-0.003167922825181267,0.1627562584876628,0.09195550045584361,-0.06501095606559237,-0.15984595888717082,0.007396744595130998,-0.12274379360998515,0.03245047845751033,0.0029428090829132845,0.017492780745967027,0.007604418413493585,0.08676249618010018,0.04729600050044272,0.07960080033396812,0.002265281682225812,0.008785477633063877,0.3076887265335859,0.04262929534102909,0.0050913000678444375,0.08161182419223958,sad
0.05845576742732104,0.0019654196899742114,3.2262094623293565,0.15673845118341473,0.2000189822732741,0.45102119873833585,0.0022611323190078404,0.06125,-25.293576612621518,2.300734712567092,-0.01848505888441076,0.3546432571698188,0.1491990231791058,0.2506230729023203,-0.06554231705334006,0.07788023192492886,0.0759327635311063,-0.03683509292516582,-0.2781185972950403,-0.030448788889988997,-0.0723241127852759,0.03011722206092798,0.002426565192195055,0.018117222425557408,0.0065144685901182215,0.011742782373071832,0.04040574582120929,0.3662167305760898,0.0015848010793541054,0.001672013702655655,0.09196673780805806,0.028681967455121096,0.004567772720455217,0.09835004682613627,sad
0.06345733041575492,0.0015986035541872624,3.259393263581061,0.15819520148684033,0.20477604953157008,0.5078133365718686,0.002343062113018773,0.078125,-25.343087422255472,2.310755683315967,-0.02710424301911791,0.44135700276626516,0.22979972459901998,0.3470557658345893,0.042003389456037134,0.040761430540857985,-0.017663549027606938,-0.07182328155216063,-0.3063978674984555,-0.09493075490153648,-0.0358027773154502,0.04747689093652059,0.004473471863600168,0.021481065513609583,0.009026729681827909,0.015990416651077217,0.059669957043558354,0.04426955627374848,0.0032409389946705634,0.012340435441168618,0.06518250977739512,0.03169735698199395,0.007092098315785711,0.021257068712998994,sad
0.06877149109096593,0.0014297545062007951,3.2160945344118304,0.15645938047013283,0.19741769608008808,0.5485588327151703,0.0014070814067646212,0.086875,-25.251464751466806,2.3124905250441707,-0.17619226144151554,0.3051162174938887,0.17520901141498374,0.34418610433991,0.09859989026443863,0.09016740642103949,-0.005149635715780807,-0.06798869095831352,-0.23989972637275342,-0.1276645534633557,-0.059610383009495664,0.0748797130392278,0.004672769543418239,0.01643744143685884,0.007956097322504446,0.054605094896311566,0.025953780468438867,0.0317862492183706,0.00025557593667887055,0.03140760802239415,0.09501658560411867,0.02047604049494137,0.006172655042777997,0.028453342580788403,sad
0.05626758361988121,0.0018692164656807198,3.136622790216769,0.15028626230427064,0.19047245006842697,0.4298822299978766,0.0018500921383304354,0.064375,-25.35325857591943,2.2361173570295794,-0.15396225223130475,0.2949054717390424,0.2146226989258681,0.36883382163355605,0.16042425260180915,0.1812824003910866,0.07528852671519407,-0.030070758520588527,-0.24855811431867914,-0.07930129976027252,-0.05735271499112123,0.0423627834134115,0.004199833938656533,0.023861648366434954,0.003278927295306828,0.019095016371024322,0.025967039337572616,0.14032902613197265,0.0014836681835401352,0.01071500356156592,0.2963022880063623,0.019662450300199703,0.0071152239057690764,0.08268055155264363,sad
0.053454204438887154,0.0021742432797559135,3.244908079504556,0.14712395870580444,0.1886402702633431,0.3860348590329783,0.0009812284713807964,0.060625,-25.279158431705387,2.3105938324458366,-0.0938112770986026,0.2508763423513022,0.02103882670039018,0.26749951269905275,0.0356393408829338,0.10785723404321622,0.04581767605954604,0.08833280480092433,-0.025795734848067135,0.09842051678119765,0.03889220016575811,0.020774323496213193,0.0037075640683444044,0.016997135809238062,0.004499845332730339,0.024824501846792284,0.037537129049613684,0.22601470582266325,0.001368794755278937,0.012504737579184107,0.3304236121172241,0.017275344488969478,0.006602214685811201,0.10100058518448242,sad
0.06845889340418881,0.003080231113589178,3.011068699960605,0.1462898320776961,0.177009748553117,0.5576706882745457,0.0027645707562406144,0.091875,-24.000960608937394,2.286799771073213,-0.1820889852087762,0.24843963996984825,0.07566917313127602,0.7843453918390303,0.09232218080101955,-0.0970638569791511,-0.11571488715091537,0.05646474858091754,-0.27268416873174073,0.16825303475822379,-0.15535186006081944,0.02413233934621769,0.006015152179377981,0.034191953723709735,0.020897502411632272,0.017252663435320028,0.026949896763130962,0.18195200861281793,0.005024437989016907,0.004578741367549839,0.02954987322651933,0.08010862896009528,0.004851125747386445,0.04822674567269214,sad
0.07127227258518287,0.004483406117377323,3.1025936622520884,0.15258094112865495,0.1742803162801306,0.58087114085394,0.0014708170347846404,0.09375,-23.47154149816021,2.118595615680495,-0.1106836159651322,0.11890586481015929,0.19488858969583558,0.7580559975933602,0.08756520404146084,-0.1255687348742719,-0.12167912643993485,-0.0022304396826792958,-0.2149785667219713,0.12795151473656238,-0.12636572130497006,0.003937815325364811,0.00482114957286659,0.02608004009782012,0.04718503304946583,0.0374658370154639,0.029874084083322868,0.02601458521499077,0.0009468847439426267,0.003243985259383936,0.07684942900708418,0.07269885652469807,0.0022569840877654573,0.025779451738732445,sad
0.06783369803063458,0.014834611937631081,2.7820567128693274,0.13318647105345752,0.15832331267805222,0.47228561865173285,0.003310065397304891,0.068125,-22.186403822856473,2.4980941347157763,0.035599989416194695,0.3647076522214542,-0.727507458294719,0.13700706278749963,0.23315901028685596,-0.2513737699618268,0.1724146870399211,0.18376781704846873,-0.10511903288811619,0.017774425488254465,-0.10215610667827155,0.003495108988621228,0.0010421799668576524,0.0048760894560035154,0.05884900152909782,0.03822392051088205,0.01148155736956025,0.06835061689623567,0.0018444585234761372,0.001782274724124679,0.032961069681220624,0.011486387182282119,0.009417417431389574,0.022592415233785156,sad
0.09784307596123788,0.016973533512814096,2.9674926026904784,0.17104050660108122,0.2062673918226675,0.554545676666385,0.0008892314634564891,0.065625,-22.242057895393174,2.648387893428937,0.3137911482582322,0.6721431508895399,-0.9903830550895113,-0.17178409004994774,0.1518793343473273,-0.2870797403926901,0.35527572638524646,0.047685870365029574,-0.08951587497733533,0.07577953319332507,-0.025745998088400696,0.00513382237960915,0.005443329326579065,0.00980794844786138,0.05490075532733521,0.05605264151806052,0.012979910881003812,0.02355993051174641,0.0009869181180616653,0.002181481912749699,0.03174337565481945,0.006176344596359703,0.004071951267505868,0.018968638372532057,sad
0.15848702719599875,0.019076755800794706,2.3699434333371374,0.19607719875151533,0.2196889897596104,0.5737052862247559,0.003437222980377297,0.083125,-21.567729860121737,2.6511830503957463,-0.47240376655558736,-0.29299499486722036,-0.30860492654423316,0.41752347079402286,0.6317265401127705,-0.348489945994004,-0.18905737613447052,0.18180533583245326,0.1132081101097743,0.10863596320011662,-0.1661950089101178,0.0034747136459649286,0.006622671833978155,0.015590930196986388,0.048001542727620646,0.003164301146495548,0.0049391603665958185,0.028791676945987155,0.004545322597148587,0.004721190152762791,0.009124381896326583,0.003592099678002473,0.0017592817159285128,0.01324474182274738,sad
0.13504220068771491,0.0662417615982497,2.8314041349903287,0.1705307801680725,0.18438644075638191,0.5277022623148552,0.004018881985323753,0.095,-20.77322670276915,2.2084730340986654,-1.4012214400969174,-0.3205500742591889,0.7099034294905189,0.4190566949939306,0.6726405897983102,-0.061928224169400976,-0.4757369646020684,0.2783463870965971,-0.20422292039528372,-0.2877536021190861,-0.09603026749362956,0.0009074259783555203,0.0007024020115556095,0.022346239039547994,0.018879019126459118,0.006176499129254213,0.005453264520329708,0.025929026641126646,0.0004228202991181558,0.0005032896850048707,0.018603153865394195,0.0008257808875741458,0.0012186741960834185,0.009484713552260729,sad
0.09596748984057518,0.06546573508876857,2.973567785416763,0.14490001764028151,0.1485268362997222,0.6687780252519016,0.0009368805899533458,0.124375,-20.49412904754139,2.06134595192541,-1.6700050873933971,-0.10993430393850044,0.6631049428480481,0.27927714037025586,0.5068837387622963,-0.15371589690821025,-0.5094215501180619,0.42650084822397116,-0.03151590646407647,-0.0583979483733394,0.12103967870112904,0.0021425145544456403,0.003071683903027876,0.017683731263743434,0.013774689488402556,0.0015263293919430248,0.00676850893031424,0.022503449790924366,0.0011861397841378453,0.0012181927173158128,0.01035310084634321,0.0015481914558496904,0.0019521645636632677,0.007089353835185842,sad
0.08877774304470147,0.017706493856042973,2.9398809849216803,0.13941201899718988,0.14278510736092964,0.947825684267673,0.003440954919071556,0.150625,-21.181194826827518,2.2000983184750997,-1.3764975283153338,0.288986536683007,0.341474612522252,0.09834600599734898,0.31944338410625844,-0.19174615177965823,-0.27140597216725426,0.5387416685243989,0.09745884090064037,-0.06465605567578088,0.08107179257973714,0.02388427508865181,0.018176948087494964,0.01705505070775882,0.014276253093361412,0.010103853460063726,0.009886170978991715,0.024648736342171757,0.005319753065063267,0.004830991779253953,0.010439917491651777,0.008490583877767246,0.0032175075376039627,0.00684801075579541,sad
0.07596123788683964,0.009346582092238846,3.1776270971453173,0.13748649716861558,0.15368279148463804,0.6107953483944842,0.0024113861379457344,0.1,-22.354560026985116,2.3132255546809595,-0.5783542558628025,0.12765927002564767,-0.3399893403677424,0.3309106584845154,0.2337243048742926,-0.16967398369658496,0.13949078858313443,-0.0039611004638735086,-0.020860004024710704,0.08585265810756465,0.06404911103118682,0.0412153093888651,0.04217224892305035,0.010303788889618106,0.0019892104028254006,0.007963358437143499,0.01255610976360754,0.046899664184476046,0.003634871709710239,0.005338031983997099,0.01028646017898036,0.007325487375467975,0.003002458624677294,0.016135228381139333,sad
0.07752422632072523,0.009384149926888869,3.1609345008089496,0.1338348572851114,0.14281882434714174,0.63747492341116,0.0016754053349389844,0.113125,-22.51644958699659,2.228892014610539,-0.6748227350985301,0.003794664775316054,-0.5462711829968382,0.5223707335811014,0.2709318702374277,-0.20392853014376108,0.040942174323419116,-0.20062140506928883,-0.11083116277403346,0.078638054461374,0.15899333871482946,0.013546897707114782,0.04063533850993915,0.0029660670092152594,0.003891229860507611,0.004079042075542345,0.023826424820077265,0.03622715060008371,0.0027565586008440426,0.002209126640292085,0.012418085761245368,0.009459589035008379,0.0018751712647732718,0.013043488942156728,sad
0.0772116286339481,0.008086727860029747,3.1221251443090035,0.13343473013361573,0.15174097298742426,0.49651106766402764,0.0017382532790793973,0.086875,-22.656971667571728,2.4274084323018164,-0.4738589019063858,-0.13227540194565263,-0.3773571910674072,0.5818405829543043,0.26951081945750627,-0.11666160259862743,-0.028838847170796097,-0.040164307222946026,-0.19730894887366376,0.1309719499315194,0.13820716281983414,0.023328084334974585,0.023279049392145704,0.009639429781813754,0.0038524148802832046,0.008915272054547231,0.017046914566268407,0.014280215551058153,0.002613691935682588,0.004631829332171446,0.029043547075345726,0.008480782131825123,0.0031692120857036415,0.008609104851601792,sad
0.06752110034385746,0.006595131765889146,2.993619129535441,0.1261893013354968,0.14915426388412026,0.38573177026764466,0.0012545014825288009,0.08375,-22.977798609834206,2.696211369562937,-0.3627153432199095,-0.17682653256265451,-0.3021181565499287,0.550262198458849,0.3977650489684802,-0.14695166915620672,-0.16607142044249013,0.040858180528875326,-0.11242678438224986,-0.01869839809456402,0.04565154345687415,0.021584573086998498,0.0519673489651491,0.006973104825351322,0.0067068525337689675,0.02274476250340828,0.03349010858808936,0.007795777584834432,0.014384334460185041,0.006341088497290106,0.023389199051661428,0.00832877274807524,0.0065794606036531375,0.01348340529899082,sad
0.06970928415129728,0.008244150789118146,3.133104125281436,0.1333793656015486,0.14910585718746158,0.6292596267191048,0.002292817210885338,0.115625,-22.370452788846027,2.417969994163854,-0.6095120150846656,0.021628911051495177,0.2428344477347481,0.14754225627596304,0.4651006156856762,-0.19363556249586908,-0.43100193435411516,0.23859566024387818,-0.23023764326253382,-0.21221133360619657,0.1450882375258692,0.024396282517863112,0.020763183365263307,0.006629506654880216,0.013716135153683022,0.007854495089165829,0.015188114135083594,0.03289508602025599,0.007046587806523775,0.0028731011829104232,0.01747580914668345,0.011408266805765434,0.04894396888026728,0.012500266537732346,sad
0.082213191622382,0.008027610953298127,3.1483364512380554,0.1396490722786153,0.1495649103465817,0.7244142441165227,0.0009095673717850556,0.145625,-22.400250423588385,2.221908890242769,-0.7710232249424355,0.09299434906646226,0.3513277139065132,0.08378293176063606,0.45630331370268834,-0.28137256977393726,-0.30556004254051106,0.3809473022024084,-0.21827666819037458,-0.10199119068527596,0.0871070178356609,0.00769172319708294,0.0032948520082193692,0.0051658030155795264,0.007794502778574885,0.0056420874799124636,0.0054362195245793565,0.04380974420837289,0.003911280391822618,0.003354057786064083,0.02919852538343564,0.02471499280252189,0.06917179569446834,0.019929577977676253,sad
0.0962800875273523,0.0172650935839716,2.7541838867649546,0.14235283240051191,0.14183916900219512,0.8473697646379891,0.003238584493207721,0.145625,-21.962850532622518,1.9634269103430084,-1.3086232857939244,0.19669798376515035,0.8717724445955738,-0.07624396909676741,0.3816326046888356,-0.22847270107477896,-0.3379815252063048,0.3584401065433331,-0.08300422998378859,-0.20503369679704528,-0.12706650586982834,0.019187693278246976,0.006805488381822785,0.002574351899145549,0.0014099908795217222,0.0029254647465163037,0.004441998039874191,0.010070103789708655,0.008411756684663648,0.003545332053130621,0.022717142598982446,0.007471875375780921,0.007808440116150772,0.006317436278682782,sad
0.10096905282900906,0.022374084528142654,2.9744881022635816,0.1511198653392934,0.15771866318462813,0.866731364446355,0.001297777074145405,0.13875,-22.098504780663884,2.045258970617505,-1.256047474562846,0.04714326993260848,0.8666795593331523,-0.21672504866262096,0.4812400159558521,0.03822286887130666,-0.3227277805792425,0.2752791277013272,-0.07197797994000264,-0.2957069291149694,-0.06007580068162145,0.022074777977761417,0.01230071000261982,0.001035495231763178,0.002493017509129187,0.0020887519761999844,0.008519408069009264,0.01867837367341352,0.006099130281576538,0.0012523358087383398,0.029289304698190504,0.0019843090342459,0.0022543818449097495,0.009147431352821206,sad
0.10378243201000313,0.008624387376119447,2.4765186616174364,0.16263759951227688,0.18314641422142494,0.9203771382767036,0.002888828683780651,0.139375,-22.717804456570697,2.3758611295990266,-1.03008652784039,-0.04368414845657093,0.45129338965570104,-0.14059545519808303,0.48521560376321354,0.13045831506046682,-0.35858340636568087,0.06097585835264082,0.1459514431370412,-0.3303103638757809,-0.2783092871063831,0.03949044290796902,0.009647262021257147,0.005163150822734704,0.008221946371135817,0.003794263230702815,0.04031597555213422,0.04275887935908175,0.005546891219909086,0.0025519875377464822,0.01921632421440468,0.03803388750101459,0.0018614655433777491,0.01623214242739695,sad
0.10940919037199125,0.002446275159024228,3.1896712499475406,0.20516895825642056,0.22906968740556008,0.7318992955210246,0.0026974786538016826,0.11375,-24.6043856256953,2.331494842715038,0.030571189095793292,0.40841158417495443,0.3991139903601727,0.028232977142577866,0.20745141679943196,0.16494482893342344,-0.16942568584884077,-0.1871313649054462,-0.09780196770231123,-0.07552329890496333,-0.19037997265786796,0.03198927683095569,0.003718740399880667,0.02367006289241086,0.01778635529785281,0.01126743585628369,0.10745815993118425,0.10179589148079325,0.00454798809664406,0.006798208154197298,0.12038950725839986,0.014766878453732502,0.02322594184995473,0.04189477583313362,sad
0.14379493591747422,0.002627808897577624,3.1560702764626685,0.22219895916989305,0.2396555445416181,0.7867011094911638,0.0012223579376835674,0.12125,-24.26334818366169,2.484254864146447,0.18190457707788557,0.04213233571418905,-0.002710983272080143,0.3022708410449773,0.08057359221394984,-0.006106300330414599,-0.061772565944548365,-0.05470442360167646,0.04292119658259882,0.052725718902593144,-0.06464745798961709,0.0631471214600071,0.017129141890189995,0.017408056332759256,0.011689294850293295,0.005350530175402214,0.08195796442063748,0.021866527302371683,0.005336400863002114,0.007401665067359679,0.0656584767634732,0.01936060422322009,0.010797357038325371,0.02568051933455688,sad
0.13254141919349796,0.00529462994198553,3.051311586211324,0.19410612836287297,0.2157178638547492,0.6551099205617887,0.0015017107428654888,0.091875,-23.440973825444576,2.409342342150746,0.4045978501766882,-0.010587544399548624,-0.5587502288300412,0.459901527919889,0.08503233789984725,0.05133211523479966,0.24390895417095543,-0.17156578354660199,0.027648636953215937,0.07506037705774284,-0.2204264523903911,0.062121071217055755,0.023314620169032112,0.011531032007648863,0.008761443467910385,0.0051501143216186734,0.017356505815535602,0.02329340695972668,0.00053676465898935,0.001922665118168938,0.031952893923478505,0.02560130663197074,0.010501958680296946,0.016239744118120715,sad
0.07439824945295405,0.005424668125828889,3.096638742180904,0.15078278197133121,0.1739258401221104,0.5831888525181282,0.0007985114207334854,0.0825,-23.401301573396093,2.2812002908491524,0.2437811000285634,0.2559443327426588,-0.6280615849479889,0.222589768031861,0.09604389469710045,0.1515542608214553,0.27838799132843084,-0.14835824369155987,0.03180143175837683,-0.05890922538814286,-0.24705322150685094,0.05697410476954635,0.018483128288444662,0.015721085398520882,0.006792713992236659,0.00653237625604036,0.011335604078355968,0.09247330010085816,0.002409741440447158,0.0008704516914280829,0.02703508369057186,0.025523353746079093,0.014600608850877989,0.025380971473781724,sad
0.07221006564551423,0.007099898000480289,2.8905295629887733,0.13210609546854837,0.1452392764295629,0.8712470458343814,0.0029357393223902544,0.145,-22.811263148901613,2.2827211642349736,-1.0781207991507573,0.3821035025592511,0.04816235570553136,0.35823262445047876,0.10083084248130074,-0.12329392120095997,-0.04142939581225015,0.13467501106919616,0.09147160632759921,-0.26897455618535804,-0.08031007453666164,0.025800489214460633,0.00571923558089171,0.0074494165499188044,0.019934046823968196,0.017667725926064724,0.021289742647182464,0.0982704961131204,0.0010827349340616279,0.002968780360757008,0.05887192657500397,0.023280935145450214,0.022818403561524966,0.026382424629657897,sad
0.087527352297593,0.01176336451891594,3.2016485840616866,0.13872030215493036,0.13816688571160102,0.9067611079098505,0.00156925921616479,0.145625,-22.125669745345192,1.8898217001122641,-1.0950317124092788,0.3675241495791921,0.5190308133201365,0.3238961479835738,0.2820420500921769,-0.3464139068151387,-0.052704816410451896,0.13186741970307927,-0.13708766536289077,0.05463522076786849,0.08008459709050024,0.023406690225564044,0.02494535584407879,0.0028664427813589175,0.020276879700585382,0.004964875083073992,0.010115408878343847,0.026174321485577433,0.0011088458818722185,0.0009647874227659859,0.054413163034120145,0.00707429967309808,0.018350898499779826,0.014701358256337508,sad
0.08315098468271334,0.010235842006447227,3.243417812006426,0.13969715905291127,0.1412961803379233,0.8239586556847236,0.00108539565089456,0.124375,-22.051886392477567,1.9206610073037527,-0.814649799225851,0.18023985497294875,0.37224807411636945,0.3107345519909563,0.3065381462395408,-0.3068910307128125,0.0363736192102177,0.1633549414438327,-0.3260512458752688,0.05112633291788669,-0.012613352936601843,0.050151850240614734,0.019920125774670158,0.00987751477659022,0.010472769567464166,0.0019386299634049833,0.008437419456875086,0.031431043553141115,0.002301383943355085,0.007526959406865031,0.03966320780453682,0.00691776148732948,0.045265162018338335,0.016720208131287332,sad
0.06752110034385746,0.0068137106671576205,3.2296732279401095,0.13135304329189657,0.15778743851032598,0.48183900592526474,0.002210537119706102,0.08,-22.969219539506728,2.281206473595934,-0.10254250343676088,0.15527068339063257,0.07159698965715579,0.4053939915827372,0.2363895125330197,-0.11001604674162938,-0.09322179238959402,-0.11141223337062002,-0.33331111201182984,0.05276398350669379,-0.11755572776182027,0.03312073923098424,0.005688281303431384,0.02326288197458056,0.00758069751140978,0.029689173899273415,0.03859824319377591,0.049631926925668896,0.0008486270216541456,0.01636276776084782,0.06795997863687564,0.05838669917500228,0.062188387752443924,0.022049896953189783,sad
0.0681462957174117,0.004166772236788444,3.1666765122963767,0.14032040144104205,0.18389825707096064,0.3446059176314448,0.0018275099580156455,0.0525,-24.244929720573495,2.4187786006233885,0.4823776734353148,0.12147390360346783,0.04270681072559279,0.07322016939379757,0.01696317251228783,0.02935503765920218,-0.022772077491883858,-0.09373253943085386,-0.1741537908028702,0.0015370279424152704,-0.27583217946459304,0.012788760247390434,0.0020350321402714,0.021202817177622908,0.019135759128103304,0.04458391344533698,0.04231408184792395,0.10592627718281321,0.0013857251137320164,0.0035710966630227775,0.1067833954526337,0.056583920548019834,0.02270249763207554,0.03542064929626677,sad
0.05814316974054392,0.0039688650036395065,3.131474630940081,0.14934287520343673,0.18419405443353537,0.3735760702575134,0.0029491933672534214,0.058125,-24.220532314678177,2.43676537224004,0.44174867140618307,-0.002335516018254408,0.07711280480642356,0.0063163948832398046,0.028418541904638144,0.09779144271822425,0.013792645888221752,-0.06387118483379915,-0.12147745197002469,0.017053847492795288,-0.07936814046252687,0.0330421420507849,0.0147649736680443,0.013274477610890999,0.008371375782016759,0.007115548378369011,0.028140146695707868,0.40231047548578025,0.004211315381758642,0.011349991074876569,0.026548043462866204,0.014406562216351894,0.003494975832352253,0.10744371749418283,sad
0.12566427008440137,0.004364351399971053,3.1795249450154977,0.218714173072195,0.20185167776945817,1.176395438875973,0.0018361909719878454,0.315625,-23.597411536091453,1.4871469424249657,1.0314871384936926,-0.42219763443836644,0.096724791227416,0.12857727283333614,-0.17503081304103194,0.34391755145007147,-0.10477080959919036,0.17731027281155665,-0.22785909752816644,0.10307003350742565,-0.17842166118866126,0.03894534723951871,0.01752304627595091,0.011436054652518896,0.010191288166160313,0.005065868361260541,0.03147208812745174,0.15774003992971564,0.0023136497718287265,0.006212781288832157,0.12340107580399563,0.0243481777037636,0.004626695966123031,0.048475526316922285,sad
0.14066895904970303,0.0032594924177887607,3.190225640123696,0.24289187891435596,0.20190533672088654,1.4771520200316732,0.0007514501483919038,0.324375,-24.111618161726657,0.929210140492129,0.9107275429955561,-0.2047298738963005,0.3480954047052511,0.23081121004804317,-0.06966520841385135,0.3794399292369976,-0.2225483488167002,0.08313999126049483,-0.2617717240734787,0.17351677968594198,-0.10017754319352878,0.013580595431713317,0.0020510223209609293,0.019941522612837898,0.005132152479350537,0.012828550301779438,0.0075676773319048735,0.12048720039111367,0.0014344538544479382,0.004489556742668507,0.16627828038755338,0.08579397241667783,0.0013192266413410059,0.05337365578376829,sad
0.06408252578930916,0.0024647034234491667,3.1456115934779847,0.18731510684822647,0.20250764265235738,0.6447741175691066,0.0017114182567743391,0.089375,-24.82510423535297,1.6126337630234082,0.3285078170982178,0.021878111832250906,0.2537485638251618,0.1781738122605756,0.028157887865071517,0.27446412657736474,-0.14603109988893714,-0.005434544317959692,-0.3405061258341129,0.037630344773161295,-0.08209446966894608,0.045860197184563606,0.0030566474470330187,0.005728038899951279,0.008485267197007425,0.013759368768598982,0.02881144390599019,0.3447773178930717,0.0009380269589614215,0.004901531269316637,0.13674298694274514,0.032454913801015915,0.0014805589157782155,0.09536195477884521,sad
0.06408252578930916,0.0017622994361492757,3.1991752280403,0.16058564815576332,0.19376659712635996,0.5435739420489212,0.0014682858675741557,0.075625,-25.085053823387952,2.102330872448825,0.07435663307422709,0.15506834517424212,0.11826634974568034,0.287014973837107,0.008844641442152346,0.1647954834166277,-0.1170998162384468,-0.04272300811342303,-0.2461098352490684,-0.05610373914747122,-0.09531848133351987,0.03040263455471621,0.0023534323225980836,0.017827129940202958,0.017603757651204536,0.010256886457567949,0.05366678252600688,0.24907843928923926,0.0014953359853772967,0.014504580515542698,0.024993736061639824,0.12731509839337626,0.002174294184466834,0.06968517210741035,sad
0.06595811190997186,0.0017400096950935218,3.216177737808671,0.149893371327947,0.18964377665968474,0.48364602462157563,0.0012996185534917817,0.075,-25.230552282195237,2.2591100132053175,-0.06938523885634407,0.32392042815223276,0.15479719060426217,0.5480090365508914,0.10940569615007209,0.12457952049384993,0.01781917260423202,-0.09903945843280233,-0.2199043908206054,-0.15192199149589902,-0.11583919082355894,0.01034995074350517,0.0066231361914581635,0.023031796783612814,0.008491694610441457,0.0459311242146417,0.04551508470085115,0.23430555247744972,0.0036622033145588834,0.008423492299935477,0.09651399175621501,0.030447722442338,0.006271258616450284,0.06305013219180781,sad
0.05220381369177868,0.0021878788119897865,3.2143336135690572,0.1402876477240467,0.18506458265907094,0.381929206314945,0.0011228705166919323,0.06125,-25.22035278580642,2.3668586455825738,-0.059347493020176716,0.4831036667309437,0.21166630328388272,0.5032358065582511,0.11927126667475783,0.18239745343740066,-0.0010998805202130657,-0.08445042346330375,-0.16038475128364676,-0.13002240136810717,-0.10738911850159885,0.016108339342571974,0.005399282334230123,0.012192921774486729,0.009868939175536327,0.007968015184195994,0.026901726789783285,0.3543587100054712,0.0029361301186460837,0.03335652374146901,0.05602139032733472,0.05224094723441637,0.005268455718765791,0.09381774146948514,sad
0.051891216005001566,0.002477867829078224,3.2201564114406818,0.14017815750837795,0.18372776269179242,0.338842444719934,0.0019231216749243294,0.04875,-25.312261057715922,2.327746229401712,-0.07175884881463143,0.3757152842678505,0.1949378618784847,0.42174971965059793,0.0695370878753154,0.1433770908934162,-0.11154326711290925,-0.17673323132917176,-0.10681132303406242,-0.004165804042417355,-0.0034556404397214978,0.01489327515154499,0.016543462025664753,0.0071040707228075236,0.003296366857984928,0.009384452201539197,0.038532688458113265,0.23182010117361837,0.0013732405935169161,0.009798127265015468,0.31492651595117793,0.010912350182439221,0.0051099228484387926,0.09940844809622588,sad
0.060643951234760865,0.0019522590355792436,3.182086167917641,0.14393042157918154,0.1840682852359447,0.41951346455050637,0.002264004918338648,0.064375,-25.27295476481422,2.387328111321579,-0.037223079222436915,0.25930025808760154,0.09007681104744313,0.3131385516075744,0.06958820387450695,0.23165072636649672,0.041197867790395845,-0.21270700431783465,-0.09805249227542655,0.09621886018142434,0.13506101765141101,0.04637976712955452,0.009328154231727793,0.009582668670665739,0.016789794853024193,0.012457167256817812,0.07553940373263307,0.05754455139194988,0.0016617634007459277,0.00814165477107018,0.3119112169075334,0.06739535405843673,0.0015466523780461549,0.08257880341470916,sad
