0.054391997499218504,0.0021430040569797425,3.171730711397116,0.19128622824218508,0.2226637864522088,0.3899014565503736,0.001362857866549997,0.053125,-25.531809916813103,1.983251321570772,0.29101940272000687,-0.1677712266173644,-0.12515675826800135,0.20771500592199557,-0.0002470475436676969,-0.03500591398288856,-0.15790153713667435,-0.0022467743854615923,0.0641051932890952,-0.018976501987136116,-0.04281029061460316,0.03810557804292011,0.0010704777921913284,0.03147090332164589,0.05436283731284918,0.02389827202058102,0.016661180616351853,0.19069412969033694,0.001120201749144369,0.0029427601101601145,0.16367120452055053,0.02842508767335819,0.0006995042365865331,0.06104861555198209,sad
0.1015942482025633,0.002156444202117602,3.1085726903221573,0.23429403232144397,0.23026998891339984,0.7918219256392879,0.0018144868585771858,0.16375,-24.89341617324392,1.3507239279775745,0.4768905255701014,-0.15639060858205828,-0.19141117727924128,0.3054946031447364,0.07012588253800091,-0.12774906365882735,-0.04923127561306281,-0.17557699286076553,0.06639638837788835,-0.01630123365686952,-0.058546013326555534,0.03515661515381303,0.0027758416269274885,0.07264568906766888,0.04691709954851297,0.03060788698251534,0.052364258000338004,0.028261543528087442,0.0018998183431905983,0.010794458735291947,0.07314442335143138,0.11921643553087126,0.0024054081776659713,0.03414685065466088,sad
0.13129102844638948,0.0016215236331452024,3.069324538355379,0.23214758643474556,0.21961771663509644,1.0172951401934809,0.0010876831346886935,0.24375,-24.840619792714268,1.2646075851493472,0.4302242684685204,-0.1108788222942157,-0.045813328627649995,0.4647863828788434,0.15003302731808454,-0.15390309834486152,-0.023802126203653143,-0.20395882882895539,0.12034045377134146,0.0611433451437696,0.14237354194753082,0.07155635817542791,0.002079553039805273,0.014545980463275673,0.04909940281884493,0.0035848144384202883,0.015078815668233433,0.050635381206044064,0.002199543950566645,0.004124035879351722,0.12807911051804227,0.06547786592151947,0.0021803583194352724,0.03802817935565307,sad
0.10128165051578618,0.0010221488055615542,3.195270805861311,0.1999724622964568,0.2115086843875421,0.8253681305701194,0.0009953062889782437,0.1475,-25.290175472298856,1.692096555512579,0.2324237095023161,-0.15718989555694066,-0.025839882484076992,0.36298600724145663,0.07458728438505992,-0.07599494166793075,0.01998348348702357,-0.22318783109697382,0.09395192001422337,0.021722884567984137,0.1588472566261631,0.08489020264683231,0.0025288409426971804,0.049484466915139975,0.04341887861828585,0.03184694578848337,0.0465324631633157,0.03231333297589255,0.0013650241724434188,0.00677802360892159,0.045083016253620836,0.020035032982138906,0.005221739766116573,0.0239823881154037,sad
0.061894341981869334,0.0009447454412103642,3.1749805744319395,0.13718827024951172,0.17419952405264127,0.40147348246673525,0.0021013649729525056,0.071875,-26.010536889592988,2.4996466833920388,-0.037297408233199186,-0.011415246718812395,-0.0897774771256594,0.2146765679617177,0.05665258891332198,0.0530407304272481,-0.0174108487311002,-0.199198817013377,-0.02198110337994596,0.035104847265736205,0.10868552573499807,0.021102099816807805,0.006901811782647789,0.06154532657628933,0.028026128207602984,0.011481849298062143,0.04378785771966325,0.2278831679144145,0.002097387540136491,0.0008679334245636784,0.008828459071466791,0.023395201728717747,0.006422622886581084,0.06014737011264314,sad
0.06720850265708034,0.012517814199005084,1.4653005449705745,0.16720174446372413,0.16366241464099765,1.3743950585426683,0.004111196816224729,0.2225,-21.38459872598405,1.4370567385415702,-0.9643931102117419,0.24135556007033535,0.02491011472552157,0.6408226386231123,-0.6790696857374954,-0.4358838386861321,0.3073050803455962,-0.22109799565785995,-0.30234594006662985,-0.2679772036637198,-0.4636097020711987,0.005532539469615592,0.0028701879245759464,0.004437249743585071,0.005322836523831173,0.0008205924238664095,0.0024953144358644233,0.016908071808708687,0.0030825230862138696,0.01808270990993121,0.03752249176719332,0.03295174134320629,0.012129346524598248,0.011807468122346393,sad
0.08252578930915912,0.052889778117406916,2.776158358489153,0.15135927543285774,0.14023599194571568,0.8265468407056444,0.002648524053827496,0.11625,-20.345536607761826,1.45697915608171,-0.989571922492889,-0.09603558130282035,0.010848746764478369,0.727514326307836,-0.6927423312360563,-0.2763130524950765,0.2137735500913742,-0.0910499772468319,-0.2201973583679642,-0.19946933899144093,-0.3423174184794055,0.0015406953290923774,0.0017966582663014367,0.0017757835828708555,0.0009072871541341279,0.02469166359333357,0.0010823290002422701,0.0014066300037405162,0.0014964022360357432,0.002603689106948965,0.13888121667928627,0.004954403929197145,0.0017359171069330002,0.037815460811043915,sad
0.07439824945295405,0.07990568274117082,3.2765667303697543,0.14166641519150427,0.15226251021937393,0.42085543549300797,0.002330267123555466,0.094375,-20.439225802114834,2.014945377489817,-0.38509257486780907,-0.5266742426050384,-0.026403884742700685,0.5608295387772055,-0.5995980558600142,0.1500589519435591,0.08456636900110617,-0.0961369990061638,-0.31388809196913037,-0.06230430283541804,-0.024217147830128082,0.001675583465696303,0.0006931080221665088,0.0007871827096173695,0.011306712853071856,0.012362857477162805,0.001502060951226729,0.001101790950640808,0.0011384174451346855,0.009715348081547394,0.17482292548807915,0.004411242954695658,0.0007357495199573711,0.047367521238982586,sad
0.06408252578930916,0.07786362158022743,3.2758878060838397,0.13567852430856708,0.15634065081893744,0.3512902238974421,0.005700337931735785,0.088125,-21.14197675599978,2.0515831498308965,-0.4970320657295249,-0.6561039838870878,0.3914732294758775,0.8207243466373325,-0.5596787774003331,-0.2731283562997422,0.0581150058675987,0.12982393520590488,-0.16614210658627296,0.033020313340507784,0.08055691599620847,0.0015226678943992158,7.473765013459523e-05,0.0015873564240969009,0.01580738516384895,0.001541967816816723,6.439464587789111e-05,0.0021997802527382727,0.004331594183300373,0.03912096467798029,0.017934739232060046,0.002435015447689396,0.0014641713106695428,0.011159082004288255,sad
0.07064707721162863,0.04618168850548672,2.873534608384393,0.1138942730030783,0.12935405956666063,0.5356241907884414,0.0024496497460694037,0.1,-21.230036335678825,2.7135886765459483,-0.6158637019839701,-0.1480313932306434,0.41820198683797677,0.8709983434913093,-0.5488946871849469,-0.4428322766912604,0.30013299121928816,-0.11548080783319357,-0.154354799206613,-0.025476956790508643,-0.04771259613937011,0.0017519373651338304,0.0015894428701772826,0.004532246633838888,0.005546764843816138,0.0012498467829292986,0.004791674238203488,0.00955198365756057,0.01618965330656094,0.06569732203574187,0.013573851554516361,0.007679823910279294,0.003454446034061643,0.01701369106901811,sad
0.06720850265708034,0.012257950079811487,3.2321060737059963,0.1390717538112308,0.15478862831080156,0.8064775046632118,0.005636879466935984,0.1025,-22.75235739343914,2.0036427302232975,-0.778122566675979,0.23886407187336964,0.5205896974025975,0.7729667808741681,-0.3104276577894465,-0.435896804235324,0.42432884574590657,-0.20498649016814693,-0.2983117599729035,0.014366995989805554,-0.055170936381485895,0.0015413231448213813,0.005505602063125535,0.002854410055534213,0.0014472423044443348,0.002379271815707097,0.01214488199888269,0.13312576310018093,0.021585675101062254,0.0042089151091633525,0.005933233050001808,0.013598851500963788,0.002603587221194811,0.0354269575914668,sad
0.05658018130665833,0.007295235996526158,3.1144986043706777,0.13490837653262958,0.14970369769046454,0.5867850257997246,0.0017915295696295508,0.099375,-23.34198273402581,2.1311477013897178,-0.22976912255517987,0.6017990087450058,0.3976196294324637,0.5393015237423661,-0.1611640125343798,-0.40379655463839736,0.44457693186330316,-0.22138507854929348,-0.35197177787635364,0.0339494550771378,-0.3142903881093897,0.003096119519411813,0.005231961887785323,0.00626468610619914,0.0031493696778462244,0.004399122722854455,0.00802127742409643,0.17978265465678425,0.01930656870606665,0.01574160441384095,0.00940875415609104,0.0035005943333297424,0.003280043365740906,0.04790528570650119,sad
0.06564551422319474,0.018223218572019462,2.433683654215635,0.1319959916746187,0.13134109556045223,0.603515660048172,0.005087540727307564,0.1,-21.444910928129026,2.2134851569932996,-0.4471183856415337,-0.06873750202871738,-0.173857850281753,0.9224055034477285,-0.41138562914377735,-0.47271810080982696,0.13718291966213153,-0.026625098487195256,-0.1269263706171604,0.15227144589083616,-0.20257593842846625,0.0034666659815584472,0.000801501858659904,0.001013536686451723,0.01233812697684706,0.0023580449199331254,0.003641883714021942,0.013753367125324089,0.007807119465295677,0.04062143117796347,0.04898828392599367,0.005702703580263662,0.0018779797362241855,0.015361559922240971,sad
0.06095654892153798,0.055454135624834276,2.9846292342771763,0.13402758833402803,0.1526498639051077,0.3098144660186301,0.003074389331804184,0.088125,-21.0881358780978,2.270715930207707,-0.6758900065266925,-0.13200230109072386,-0.2980422184046815,0.9420879921869559,-0.13968909056567677,-0.44701707492419057,0.021072017544450462,0.023654664972349825,-0.16788628906110412,0.0905563939993372,-0.1868159083472285,0.0012400030677531411,0.0002768861190705443,0.001561164875980581,0.03534731160616192,0.0010616300903825335,0.0008533887989618287,0.001555283185378668,0.0010155282582664095,0.01736974248100588,0.0239239011197238,0.001526766711333835,0.0008621206456273116,0.011221452494055824,sad
0.04126289465457956,0.058904917925281,2.9833791110966055,0.10467814426285113,0.1302041087092753,0.15751945416202984,0.004243277896046646,0.08875,-22.40790592505201,2.879306298532,-0.6680872292757075,0.19751273173534242,-0.26868490352593205,0.5283248081163177,-0.03527197937632724,-0.543344334035447,-0.14036255786291366,-0.1299514595510382,-0.2527572177699836,0.04814483214674151,-0.08034389018950054,0.0006442006136714274,0.0005833391789078388,0.0009262234934019106,0.013208605955822676,0.0005527783136541004,0.0005156938741780441,0.0011930283964997751,0.0011198282803944856,0.02708222512971795,0.0035674912741416012,0.0058751214713979654,0.00036234780552852556,0.007649901601090455,sad
0.18255704907783682,0.020811542035339244,2.1458768443821947,0.2791063105214091,0.29529941277299515,0.5029426484438945,0.0065547982452646555,0.09,-22.884187567254035,2.8587611761853537,-0.4386397837015815,-0.14781483066238552,0.16874443538426015,0.6896809511304002,-0.06970897551132724,-0.5219464925853153,0.1383385077288751,-0.131147639793714,-0.0880837453707147,-0.22012226661206968,-0.23854849933542466,0.0012884203865997188,0.0016670274708884814,0.0007590850096355988,0.005045896140889807,0.0014768647830336805,0.0010884908741593154,0.003607351348444909,0.0023565546929284267,0.039144138123381224,0.06670114761950531,0.009309128118938874,0.006348113730228137,0.01948375455154957,sad
0.24445139105970615,0.016689355473263636,2.1940890003559126,0.26993550581751824,0.28320097123957405,0.6736346654314934,0.002097578612901645,0.089375,-22.430329186769015,2.825074232172713,-0.3202049832279224,-0.7325378919740625,-0.5949601766845771,0.5852068089439624,-0.08266580937120742,-0.41685984284644806,0.2328675661414197,-0.2243914359424506,-0.02748165497422757,-0.02783515090420163,-0.26794450917443363,0.004304869447846905,0.0002753331168183053,0.0025836480591261528,0.02079199837022465,0.0045816483580793845,0.0015307647984042407,0.0016313052444408077,0.0049013813563687616,0.02384941057802754,0.03789083305843358,0.013766991059666844,0.005458211372892916,0.011180000551196839,sad
0.11003438574554548,0.032046974286578794,3.025296391487324,0.16533387550963755,0.1974179838443162,0.47916990804868953,0.0019075139239600883,0.08625,-21.384016736216147,2.5408426006723994,-0.5299035283172797,-0.8872074367486655,-0.6264056916942796,0.7789571436128442,-0.15629451986823498,-0.35671921058466677,0.2739653944816723,-0.2829943673237135,-0.12427799766189887,0.015089733490809302,-0.289845074638612,0.002068597586880391,0.0005878061413247018,0.037787617723687696,0.010494260811568247,0.0017586125077539217,0.0005725720181258241,0.003265390465426118,0.019401403740282357,0.030217447763893665,0.008669850152166021,0.00417536463270007,0.004249653730163927,0.011871038526006808,sad
0.060643951234760865,0.024796042455215116,3.184811430943717,0.14488480575048254,0.1521954081924959,0.6032225278940874,0.0023571936217101136,0.09125,-22.044338919403604,2.0955363676912717,-0.2956939001481508,-0.5401523690710902,-0.25650203899515284,0.9469488073715913,-0.0933049723026078,-0.3203637043175688,0.19284411776812857,-0.34736463262635375,-0.06472356358499706,0.11134532245511893,-0.10411287833892212,0.0015965380357066436,0.0002899787289842224,0.030742409367198555,0.0024922163395001955,0.0006890887509771905,0.0016507502498009933,0.004895791797145005,0.020874462850972296,0.01654059854624065,0.0033081550454173805,0.0017065044023119407,0.0005091854987053905,0.009566778443790032,sad
0.061581744295092215,0.009482020200498787,2.8708190920019523,0.17401389293410421,0.1997658144171399,0.5911127919927169,0.0019105537742022294,0.086875,-23.20111699535588,2.0467522299789125,-0.2578369416034783,-0.35334203966089844,0.009750226917411224,0.8734488803150252,-0.14259350272026503,-0.2250630226078385,0.144881936737319,-0.2908626681951297,0.049470734891127334,0.11369220013288837,-0.2143943083599985,0.005666573776370409,0.0016257383148683855,0.008996251989098659,0.0012458652923002967,0.0006316046553653012,0.0021125067262208527,0.02093687969065724,0.044922283104325014,0.008551695399978597,0.0006303154379161169,0.007054723196222521,0.0013001261734734465,0.01227378930971731,sad
0.07252266333229133,0.004683105300216644,2.281541085240206,0.15021453791057,0.21185495798695897,0.23768099064050535,0.004668041466856925,0.0575,-24.178751805890283,3.3170019646437896,0.7106148326690971,-0.3210207419099145,-0.47581478704277164,0.0001607577097676279,-0.3652372992447533,0.15352785361535712,0.12172955267371444,-0.06586512395425513,0.05835441751670317,-0.4470086350871135,-0.3867583145247852,0.020377997973430772,0.012002608790133366,0.019396340613819132,0.01682749777042712,0.012652075576131553,0.01702888005978059,0.025389681696974975,0.018755653136557707,0.00508821798977725,0.010609004436011078,0.012744896250198501,0.01723875747070496,0.005118535762983913,sad
0.05939356048765239,0.02265269541734978,2.515380500789025,0.1258161914454841,0.1766229171021029,0.08857722705374027,0.0076363909936621325,0.05,-23.570467143157657,3.1029625916781187,0.7941521504306951,-0.5362617777347684,-0.5169688696132542,0.0684951146324086,-0.3556170032286313,0.31755389160357567,0.040407596138296996,0.008554952598237285,-0.012010724847707509,-0.2766854592998501,-0.5155669434811646,0.002623479477496683,0.0005561582512059594,0.003397332314308178,0.0024727305560931843,0.001992462587413855,0.004406905057592254,0.005080434899592759,0.0009256317909219961,0.0003199878970161093,0.1711126454249096,0.030605208498548416,0.0128130239391211,0.04636990904199152,sad
0.04751484839012191,0.030760755961090226,3.0080689958319913,0.11118460711962809,0.13338522048398138,0.1991781770151645,0.003287000576223994,0.070625,-21.870687729985335,3.0095680210984215,-0.37964226294986214,-0.44724685924999114,-0.823797002750523,0.6150112532680835,-0.42175073167879706,-0.4214871709632421,0.23259796419329848,0.06950982785247206,-0.24067809962110276,-0.042753557932770865,-0.3920533895477449,0.003374234675090108,0.0012854027009536774,0.0016834597844185711,0.006550635980490593,0.0043826656207164505,0.0010955363064184527,0.00356033754573326,0.0028928213635442887,0.009250165647410356,0.3096212724447334,0.006602936417878028,0.006429789375384025,0.08442522672422288,sad
0.0681462957174117,0.019250777217820154,2.9531413132661912,0.10643007816198786,0.10849249916732631,0.4361941327001408,0.0037468724035373143,0.090625,-21.988498824216684,2.920805625486001,-1.2515468865665347,-0.05318724123777303,-0.6047850523213368,1.2457402146169039,-0.30673148489304114,-0.442352244331336,0.08779797803749391,-0.09436516347786854,-0.08153187695776286,0.13582350578870434,-0.01507550796630852,0.004740951736438072,0.0025319345595545993,0.008407096977358804,0.00822984230412789,0.00586812108893565,0.0012390067041219408,0.024049827359822612,0.01680126175641471,0.021340690097002117,0.08794245264300406,0.010870439115080035,0.0009694202973439581,0.022855623765152867,sad
0.06970928415129728,0.015657238028779198,3.009722555047799,0.1261322978036857,0.14793132769204886,0.48013207581272416,0.0032938674635302205,0.09125,-22.26837057077464,2.612882180051172,-0.7052303281514438,-0.2719411336472756,-0.47409897144796936,0.9224187471114863,-0.3529404487330639,-0.23866557243911526,0.16339696480731739,-0.20965192631275245,-0.18306000510006754,-0.051626182127853734,-0.029278396135581645,0.007249854891156169,0.004780918156790089,0.004294501255435781,0.003854393656173634,0.002587294292121237,0.001106514586931395,0.02989097977549306,0.06158188890678309,0.00401388888448555,0.0032518980524130986,0.010866457563174208,0.0010259475835892188,0.01693278601245959,sad
0.08502657080337606,0.00882056381924078,2.676746459697376,0.15468439142957266,0.19300525988194467,0.41114220573544785,0.0016583811946819787,0.080625,-23.461173750774872,2.5570203326045116,-0.16403175587176883,-0.4398323192383985,-0.3852082370721494,0.7212162532812003,-0.3169039174731547,0.049566562613515504,0.10587033101417989,-0.09914281927889548,0.022962511810608682,-0.12222663654182572,0.017461338871560487,0.006966242650609925,0.010781556789625283,0.01346529727513863,0.007940489105009246,0.0004315839331697797,0.0013429465682326886,0.06375067384155682,0.041179893814872005,0.0016961886553084969,0.0014682621936664192,0.007262007078358842,0.0006959278011726036,0.01865414125838871,sad
0.1678649577993123,0.0023211099282074397,3.1312774892999276,0.2960957982028318,0.2762211364965245,1.1316500423362854,0.003647676491974427,0.515,-24.621197622057124,2.7046735528385595,0.2112975880459229,-0.2027783001700377,-0.036897933887741964,0.21384841679483843,-0.11848919860341173,-0.1140405918975105,0.07114957406942968,-0.06780125315532172,-0.20220224870485531,-0.0702492954302802,-0.14475356115558624,0.018506338136674204,0.007221996272374279,0.019756301055304095,0.012982176173583018,0.007553808251378997,0.027479241717709695,0.02968193875654134,0.02562167603851696,0.0027752188830622317,0.07357549147414502,0.018980205108057677,0.009366168230537153,0.01783480572140086,sad
0.14660831509846828,0.012402618958800538,2.6620506082261612,0.2080654047705449,0.23224703487912896,0.9277112025510204,0.0017181726392107492,0.101875,-22.482158853993198,2.700072825962738,-0.49180888360781355,-0.29181215821300266,-0.4653327859345245,0.6001705517114141,-0.08136626587819895,-0.4949061567653231,0.2736032639731097,-0.0070670525119889685,-0.4659192450670551,0.075271166237711,-0.16625561563469224,0.00407931412405255,0.0005506162081639717,0.020466470228872855,0.007657586512015106,0.0016654962305417903,0.011579554644686631,0.01310692252953682,0.04571125593129702,0.012228905702779102,0.004135709468207561,0.007105949238749293,0.003944507459258019,0.011790597807119203,sad
0.04939043451078462,0.018658389702692804,3.226494843982965,0.12508923281549275,0.15211722875595166,0.6152732983708357,0.0015037027700767075,0.10125,-22.52628057898665,2.7071855150632724,-0.5306459676849101,-0.07704577467835497,-0.3827104951978715,0.6714911838892759,-0.03766191295679782,-0.4311173287446354,0.27132590641273996,-0.01047702219800995,-0.5182011601212405,0.05655236436554307,-0.11527294634173052,0.0095172644991014,0.0008373869911966086,0.012407981402110442,0.005996718291049308,0.0025292473152351107,0.007137307280730435,0.006680314006436038,0.05492405453798225,0.020766346901413497,0.007594779543817012,0.003981322989605971,0.0012821026080808578,0.01419388647184286,sad
0.0262582056892779,0.015447046686082268,3.2737540776418395,0.11913122177707214,0.16220132924205624,0.19687609882170326,0.008927461145337327,0.02125,-24.477198084433308,2.5797799285792036,-0.26256525997394187,0.38149925807036317,0.17676846147850314,0.6690883056586137,-0.18462349076539988,-0.3137954442219802,0.23404037712464928,0.10680421332363328,-0.32240589834870054,0.03996575286713523,-0.12489488008368024,0.008418593060019323,0.00022275759936756683,0.003836359850011571,0.0021418486316946896,0.003437858243600891,0.004170254450534612,0.009805476373717401,0.041801696978814834,0.030278427586582102,0.004587373485263304,0.0013646441327584023,6.369009226904617e-05,0.012556408562933408,sad
0.028133791809940606,0.009365627091273494,2.8293443660511732,0.11927633548006733,0.1833685746514661,0.08440989445914682,0.0036426077028839047,0.021875,-25.33703561020718,2.8152879337615735,0.3989784901053828,0.643532867892024,0.060605758534041945,0.49163451866898744,-0.004716376900272955,0.11352962403694902,0.03386970990313604,-0.16850695687740083,-0.2501287711835497,0.04266665107226882,-0.3407204365871717,0.004581640375089203,0.0007924177516483518,0.0029236325700327257,0.002075019902746982,0.0038444562033699225,0.016903536269708284,0.0072793967565288305,0.04806842878297856,0.09848048225986096,0.005035193591335585,0.006153837762446606,0.003123524079746379,0.027630245956583796,sad
0.03782432010003126,0.001945906978965486,3.131014284138081,0.13669994943201252,0.19503120756252515,0.24031535485506528,0.009369581882440152,0.03625,-25.827584371562303,2.6399204246645427,0.15768008390198204,0.4169139603916489,0.022891301645792263,0.48470812830724636,0.017288335473588257,0.013692666398759953,-0.08216253612112057,-0.3419812435541119,-0.27861870323203297,-0.1165552487771987,-0.28854070041926705,0.01486368495407229,0.0006142053454412156,0.01045822418984245,0.008778089175123684,0.004563175732627533,0.07206021493751635,0.1235273690628887,0.02366586291942661,0.04408685187393936,0.036862885238926196,0.060091052655084534,0.011472216736929625,0.03464779127191191,sad
0.044701469209127855,0.0010346664259548324,3.2263680714527663,0.15369592800435602,0.20720649740145292,0.34872077250348454,0.0034043456355578663,0.065,-26.22312552008799,2.448742613395287,-0.10463459187016579,0.021208332778085343,-0.12426737785866761,0.19355064246828257,0.0032470317225411637,0.13590557528053318,-0.17849613583613688,-0.20378274089244078,-0.03069002876849035,0.04558732001941121,-0.051417268761727114,0.019277487694582263,0.0043695944127264226,0.007804407699303886,0.021675581116702102,0.0626874918853343,0.1101087479315499,0.2179848976745315,0.0007126844274597239,0.00703009495593666,0.02951293048760588,0.09038771160538579,0.0054739747418103505,0.06182423232859995,sad
0.05220381369177868,0.0008094182028680133,3.2490719705444775,0.13621374742337108,0.18193220456078468,0.38400459513906077,0.0021956801463026924,0.078125,-26.236377109779227,2.621382055860197,-0.13870152761472168,0.02116266901682912,0.004716883975308394,0.3218630551017784,-0.011828573561814614,0.09797605971803035,-0.17957993354065171,-0.10191012823097581,0.04604906508056122,0.09831092267133681,-0.0077029159167558625,0.02271638641107536,0.0021585806849340606,0.03229688917726159,0.06570180468811408,0.007072642704390591,0.062419520795522605,0.06439684164837962,0.0024265376422691587,0.011122261877700348,0.0868265506039943,0.03462934397391529,0.007777629689645158,0.02828249020996921,sad
0.05720537668021257,0.0006928100512327909,3.2115394116353544,0.14596927173559976,0.18968882357925124,0.47300564905714965,0.0014921500107400619,0.08875,-26.19403368225851,2.5347669311131695,-0.25184737439418753,0.010822851779209533,-0.018711855151107425,0.21827101225266335,0.020540704327674526,0.1817791760784921,-0.03940245304865774,-0.04021021200859043,-0.015508256024959385,0.08794123490175992,-0.06609260751152264,0.06175035246160698,0.0014662746570163851,0.02042643093341532,0.04996763544834648,0.041354254346407236,0.06654714760541827,0.06974627327627217,0.0005931576056810972,0.01782342331099301,0.0033298075417401937,0.04931203168306154,0.009577780591817912,0.02547315187562752,sad
0.060331353547983746,0.0006623253311323807,3.2467637127689706,0.15202538218650122,0.18812696335265852,0.48212221619950996,0.0021009172679784245,0.081875,-26.286228199579025,2.456965133992227,-0.22893374066741212,0.09587516581527722,-0.06304692875808557,0.14328329294790296,0.17321901103385715,0.2121923262967709,-0.172184228067636,-0.08943460609013693,-0.03724583221960299,-0.04637699198712821,-0.20868685375128979,0.020481688283912378,0.0013850063521834823,0.06989396966760252,0.030517363903208552,0.03751690092674433,0.013541156313539355,0.151145272572196,0.012900463611359637,0.006352699010301224,0.014278931189814598,0.11282958960165913,0.005229170000882765,0.04560257035193919,sad
0.061581744295092215,0.000819913971998892,3.1943200482832954,0.14388585729535958,0.1885743145645044,0.39150567843592365,0.0022225169835549574,0.0725,-26.307418625899953,2.5184235567290534,-0.12407545509573223,0.17037247999861216,-0.022761198998541024,0.1793679636114722,0.19368583466656913,0.1635917452674374,-0.17589965193964044,-0.08369007943941188,0.009553865089615752,0.03223637341031297,-0.14718047657868297,0.09263818139057568,0.008018709863389645,0.037782040194643,0.059810298865758976,0.0268073343410448,0.11000057643104388,0.09615900882167983,0.007140503312304872,0.005238185246722139,0.049392732130456515,0.018183928007866345,0.005568895818718833,0.03690552954686506,sad
0.05720537668021257,0.000909465442694137,3.1848678911137522,0.14024832690569844,0.18808794711249585,0.3356948041201069,0.0016882672335082713,0.064375,-26.347821383113498,2.6054609520771446,-0.0964588800716611,0.14087677449260755,0.018835190204456786,0.2534887840230538,0.1348300528410744,0.12230556451228919,-0.0775565211758005,-0.13141007329199275,-0.006618685475613581,0.06302624130762442,-0.05045667200431795,0.026531332613568513,0.009604513701628925,0.005166891337622745,0.09315086971663329,0.032434990823187126,0.06443412317059502,0.16372669138344187,0.0015537874799141415,0.007288828602924408,0.02969430429101223,0.11046362915177874,0.0052912308837314,0.04960651714463937,sad
0.06752110034385746,0.0007463237893049545,3.1841552586434347,0.14622421045735715,0.18471327959008865,0.39849650037589285,0.0015999798895161312,0.076875,-26.38354843351186,2.4687079403580663,-0.16913824491746648,0.10349189119238893,0.014625230567182542,0.4074158027755142,0.14416203189410925,0.1324366738601839,-0.18179414139616268,-0.19191463594974523,-0.11565892194053871,-0.022895499585390094,-0.029972417448092356,0.00841809577316184,0.013942459198950397,0.019756731965544942,0.05646625881759503,0.004805798418471654,0.027305949014134145,0.0946225389186271,0.0011099463018847185,0.008372365007506506,0.1770756397424523,0.1295913632443276,0.00972238100991499,0.05519980698580733,sad
0.06720850265708034,0.0006549519355370713,3.2266578021082646,0.15519742390179136,0.19690077015234558,0.4645128672133443,0.0013974210220422376,0.076875,-26.35139242577721,2.3676436011316064,-0.1494569545908655,0.1660167572524575,-0.063653553270021,0.2606904652087048,0.19246893620454944,0.1156171155856848,-0.035761242582659704,0.022647332434150975,-0.005948398034692101,0.10099257360755576,-0.012414262223918133,0.02360741874879409,0.004644442090050161,0.04234665210287554,0.04003380867178745,0.01440844268775827,0.07257131709184264,0.05306572498519432,0.0014325714217909285,0.008451847733943094,0.10909052031906646,0.06216903284748799,0.007173106345917908,0.03174895919506895,sad
0.06533291653641764,0.0007571223149526109,3.232713818926069,0.16223057827617263,0.20545829884884712,0.4292326036719649,0.0013997915523267874,0.08125,-26.19681701035461,2.4494938462608644,-0.14031790658608045,0.1626740657622081,0.025908685198447128,0.2840893314940194,0.054540728770717764,-0.05177561981834774,-0.030519162631546682,0.18895963416221473,-0.055727515209907715,-0.02922394894077517,-0.0555733027231449,0.014060248893323897,0.004788081860290997,0.057771120889241245,0.004345452409980289,0.008982628948512953,0.1621839595003903,0.1699834661747321,0.0032763028471299417,0.007950648749782992,0.03144606920408811,0.023419350784296772,0.00813584827367926,0.057737518489902065,sad
0.08346358236949046,0.0007255407397538761,3.2766822771568815,0.1733704726759044,0.20913809054280288,0.5320361902361243,0.0015090253906593688,0.085,-26.091039258124862,2.360513021688256,-0.2843921940249441,0.010662988427656594,-0.01511600111815857,0.21279210709127716,0.02628635607786455,-0.0457982979299656,-0.17095267152294483,-0.03694921592613851,-0.05357901436001393,0.045191218977599625,-0.07171481507407415,0.041272640379292694,0.0020802580969255476,0.026705454000096534,0.043093248419626785,0.016810070026672955,0.16635244890540726,0.05324685560636552,0.003439643531904973,0.0024918136885469316,0.049946550791863394,0.009446803325253116,0.006466714779182097,0.043701489447031894,sad
0.07908721475461082,0.0008803719189913717,3.161736864788451,0.16749339179226405,0.2073990716321057,0.5104607422156999,0.001379636662039426,0.0775,-26.01612543399433,2.330918266013619,-0.1362641880095182,0.12073607179410058,0.09288694495030356,0.3307262957160244,0.11206289904705721,0.140925573143795,-0.015211505981236563,-0.11070454636851298,0.04632183563484323,0.13879528118698942,-0.07205764132179916,0.09576501054402335,0.0072181981344088455,0.03292337970199087,0.02742330127552026,0.01833593141110603,0.03306636227461334,0.04596097470225033,0.005444375407575402,0.0035888817395296436,0.10840640771279532,0.04360813724941385,0.004580563463144025,0.03313144633676369,sad
0.06595811190997186,0.0009157066621446383,3.1811598361248667,0.16692092805809342,0.20692998310422153,0.48741796765608975,0.0009283203655679446,0.0775,-26.025785516090483,2.313729242965853,-0.09630011131651005,0.12262010001773202,0.008481774925803393,0.37713092671842524,0.08858114035787855,0.12875774259470482,-0.0838057106722218,-0.18433137916364886,0.02413399637788861,0.1165191603076552,-0.03716514880217519,0.047469186758462185,0.01249495903555549,0.035534235160613374,0.08370829708526163,0.002870114587567902,0.03963713905593137,0.07846467535578326,0.0008658354419976893,0.0009876980620876785,0.04382789683263936,0.05381227052980514,0.00857094521765803,0.028015679194122838,sad
0.06283213504220068,0.0009088733648251551,3.2573576885311053,0.1525437165127533,0.19428640390711852,0.4382366775369,0.0011627944253636952,0.076875,-26.029788864674117,2.456426457654846,-0.24622988791286005,0.00796039353324666,0.012525951869958139,0.4374112709102214,0.14607243637935768,0.021213706258265432,-0.17289163465048338,-0.25515925796562033,-0.10795359655308992,0.10875018331070908,-0.08452509562220542,0.06348576372012417,0.009755300549694337,0.01568534186572461,0.04245735732841113,0.05417592709573631,0.0414979453795391,0.11349615774698564,0.0015744641001654931,0.00615632890735849,0.03685665692187942,0.07204448312181766,0.007173180489342136,0.03212515704794432,sad
0.06220693966864645,0.0033779912289579285,1.8906962970914547,0.15073746848983693,0.18125554244667502,0.5664325218918808,0.002426122302576682,0.09625,-23.63426544028854,2.4479090949176077,-0.5470374185879311,-0.20083927150742942,-0.392255147855364,0.7648024166015349,0.06586534752983472,-0.5069028132861768,-0.00209111348874816,0.10761152846004104,-0.3736296686579462,-0.03490496957624349,-0.4978071074293689,0.014110798150408894,0.002427551648488304,0.016002344173276478,0.01106653411305687,0.012659252621854489,0.018467286813953633,0.02398505965832528,0.005954444271581992,0.016765830795200415,0.05940665531138792,0.027457457574414874,0.021548245056930575,0.013908714754555223,sad
0.05658018130665833,0.01998492912742235,2.6657106653080107,0.11612303301692095,0.1363948485241458,0.25911386278030224,0.004898145525725518,0.08875,-22.3540792606487,2.826618311097908,-0.6992550939596198,-0.1784496344085941,-0.45389413662809763,0.4843446828257018,0.02265780892765817,-0.40983756180414216,-0.13287099502808275,0.11924065581065321,-0.3203003304267704,0.18689378961908756,-0.20895650843448668,0.0025531370471175035,0.0006941868931712798,0.0017026166465943695,0.029107812384332153,0.001827258107506668,0.0027364769909815835,0.008915398177866829,0.0020827042947332126,0.05528688984017357,0.008954944498573997,0.0022187154046917645,0.0036281570492410313,0.015579253333243413,sad
0.045014066895904974,0.03450288037177339,3.1613022778918567,0.11847004220983069,0.1501097031771593,0.12995700146192982,0.003897513619536044,0.066875,-22.811276429718884,2.6164123590155626,-0.5559112448997621,-0.29202291590604534,-0.3767944406496831,0.3022045627901914,-0.06818070439774623,-0.254861709823889,-0.11821948720196662,0.23551993040102695,-0.28229658926107914,0.350596430422261,-0.06607111965608166,0.000739948930988454,0.00028256700880854917,0.00034711892221445806,0.021126001300285212,0.0008047622322540517,0.004522704046132022,0.004251603348313526,0.0004963700505294152,0.04854563494296405,0.005796632067356356,0.0011483843997325649,0.0007966136432065664,0.01360370680468182,sad
0.046889653016567674,0.020570461149411523,2.660286273391556,0.11774864496965594,0.16989490186385728,0.10696500631467569,0.004623594929142585,0.044375,-23.45226121725651,3.0655428912134624,0.7228316375460581,0.010646652384024938,-0.4861541334899093,0.3735782138766072,-0.2894301366005635,0.13809125308925327,0.04373187170143438,-0.011787218325528948,-0.06449041172017218,0.13504593667084866,-0.21836241082894978,0.0018676811115168918,0.0013673128110055779,0.0022845735322224864,0.005369187087642385,0.001699515899589244,0.021576406789168428,0.008712153573180871,0.0026245753223631957,0.06017044214641728,0.03374938242933867,0.015235595733318855,0.0015762124349460573,0.017201434368991533,sad
0.09159112222569553,0.008295713279964185,2.6647112431462117,0.23037829257296674,0.2555483117779418,0.4832306865462167,0.00639359391496165,0.063125,-23.673745110949806,2.897793066298838,0.40602101678845437,-0.31386538817628556,-0.7906834534019145,0.5475986077447224,-0.23237818154960577,0.2448026993570093,0.21997438352847828,-0.3242875175828992,-0.15676332655210934,-0.2553048927268001,-0.0497148277522732,0.009119871359817728,0.004028594210125533,0.02910603936081341,0.0026366576817521362,0.003615298665000559,0.031747242341560726,0.010946165043158648,0.014071424580970444,0.05770535352959274,0.02567991308790725,0.009040506739437341,0.0043432895909381155,0.015760089299725888,sad
0.1678649577993123,0.008932068962453028,2.6198139706399406,0.2539150685824018,0.2679678995594742,0.6415060481710484,0.0011735486224736537,0.0725,-23.166008720259587,2.99434242137375,0.5500931426343802,-0.5489877648342001,-0.6883043756591247,0.3360705029299095,-0.014636252109524376,0.45862623309688777,0.24319950205211543,-0.1546149608714042,-0.08589754033957746,-0.09335917090485397,-0.051531716992426445,0.007255911718950584,0.007958155947414843,0.023695287358602612,0.004715671346541202,0.0052625020146202395,0.012797882363584817,0.013067677355140419,0.017763874897237214,0.006058435616633718,0.0358532672338856,0.03207162840305113,0.008075431722493823,0.010221397278125998,sad
0.1244138793372929,0.012943220809120084,2.9727392013425677,0.21343235396316695,0.24065822941791096,0.36602947446786704,0.0040789660207836,0.066875,-23.39279877657355,2.7128787774621856,0.49363889827449037,-0.2720279456144403,-0.8507741513594583,0.27583723709394514,-0.08981905538136153,-0.04182176461961123,0.09697327359681997,0.06989385877590487,-0.2325875710449783,0.13896372262184303,-0.39008402928671093,0.0029670870653509805,0.0019530456517897015,0.0028058371838502153,0.010298632320308223,0.0012067282255825542,0.005419593093421944,0.003037774028720661,0.0007905230192017714,0.030419246572918827,0.014972717096292564,0.019415655990937624,0.0079125901762554,0.008674097439059803,sad
0.04845264145045327,0.01830563387690108,3.306565226601409,0.1357638148148777,0.17009314502721276,0.39275499946606357,0.0026043492258500246,0.081875,-22.484522310656764,2.5446964516694353,-0.5857415612479749,0.007635168202983808,-0.5137041728452624,0.529409780429831,0.19466176081126127,-0.12856873153524354,0.014799270691555315,0.23887726238961612,-0.4096917853091655,0.3992228044906126,-0.06539750356014046,0.0019932048345565273,0.00017380229359270405,0.016076991553504907,0.012631328369438326,0.001507954776204691,0.008139430577597709,0.005269186822763166,0.010719895992021056,0.03465484895746905,0.01063028477356639,0.005831644399164178,0.0008419976521254686,0.00913517815953286,sad
0.05595498593310409,0.015782978682399952,3.285887913055157,0.13221792267535074,0.15765614319335094,0.5282164706422372,0.003958415195572289,0.10125,-22.567216792264734,2.6200294854467954,-0.6775427776107045,0.054905202300995215,-0.39433485738449925,0.34901033457572195,0.18672218876794439,-0.2687122797773576,-0.20435282886973397,0.3422054943990149,-0.5729761761045691,0.10582595172172489,-0.05517359295616315,0.001252016183429857,0.0007758229266721698,0.005711646654424586,0.002743896205894575,0.0013760435073062055,0.007573558221545294,0.011739111637584102,0.021019407440361213,0.007983589206518803,0.014437133511984732,0.004408612912327205,0.0012649093822844288,0.006036348970426646,sad
0.04751484839012191,0.008664904943319627,3.0808503146182447,0.13265960887245068,0.16568908743543198,0.49269470637767393,0.002722214917107121,0.088125,-23.455141496575088,2.6974842256443514,-0.9166784177749825,0.06134725900654779,-0.1137251913838613,0.13464532592420217,0.17667915892290745,0.10170128055682112,-0.20653425983001372,0.30601477636872854,-0.35399006332437877,-0.15547160558666823,0.0503934070298878,0.00636260495281065,0.0004844044258177317,0.03447479195990465,0.0032869715410461116,0.00201505715968528,0.0033935636019834423,0.017654760179926326,0.014735112050873342,0.1074550275963244,0.006811769182692659,0.0013653584421680764,0.00421490708377914,0.028850383244799067,sad
0.045951859956236324,0.0027789477069031436,3.047086274120088,0.1436300601807869,0.19689387245582146,0.3002740709772908,0.0040605020971976385,0.0625,-24.840504347076553,2.8115185285638753,-0.2920086142299919,0.19897354920184723,0.02486394517835835,0.16142505777301702,0.04298597040316296,0.0015948634807296809,-0.13370462579240333,0.14158624538118683,-0.1651197825932343,-0.19136263263289613,-0.27637800477574315,0.020215985379980334,0.0012416692364143516,0.019861749726443254,0.021343980017080273,0.011464776527647897,0.023833927681061587,0.04665493334340124,0.007746082510938844,0.048303568420136334,0.02662495692196419,0.009800377143655498,0.0067421209338105175,0.01421706921065083,sad
0.06283213504220068,0.0010287150925356787,3.13457946383286,0.1455784098612685,0.18625341376396665,0.44563552957463004,0.00190030598574388,0.075,-25.82931676945745,2.5009932881086896,-0.11115511483518123,0.40501320383858785,-0.036579935548674926,0.2237948071066836,0.052105468173701375,0.028376848770987666,0.015377936238816758,-0.061624853257685575,-0.16393342624382604,-0.08729460262293938,-0.22633275190654267,0.020110029852249956,0.004504391014625399,0.05220287479692784,0.024106292890946776,0.008019712229957213,0.06693896266104088,0.024180669846794886,0.004922302596035005,0.03491354082342549,0.0962231838671608,0.040890734157493,0.002868380815706068,0.027412534026613804,sad
0.06001875586120663,0.0007986162285421827,3.2481753224963725,0.14327412459612815,0.18016208507213968,0.4114547645542198,0.0021750396861279653,0.075625,-26.20425649987252,2.536115647232725,-0.21554759059105982,0.13157447948663195,-0.1359208537059049,0.21153080149612086,0.0183189840471149,0.07989242908357685,-0.05537044974580189,-0.09463126706794005,-0.08355449472963206,0.11092671583456407,-0.13850205961472453,0.01904720061908725,0.009202524123960467,0.014223526303591265,0.03403008475117356,0.006729859582994828,0.08403767112454168,0.041363335033327175,0.0016275258237306025,0.02168465151538618,0.28881933632835677,0.013986491080057322,0.0023891320131828007,0.07674296643356893,sad
0.0525164113785558,0.0008768496744723249,3.2647626016764977,0.13123258023432943,0.1735370594102999,0.36579236881087596,0.0017204360801038915,0.076875,-26.183553821843784,2.6930643484589023,-0.2465891296453589,0.12430406858570442,-0.05378941950136702,0.2862114291767191,0.18403914081066897,0.015315608377953165,-0.19468243033059993,-0.0347878783676471,-0.10105054284016945,0.0862529457603278,-0.08533335213564229,0.026923096307301057,0.003844864472480957,0.025313516733216464,0.03668667756359735,0.030608082015742482,0.08199723713373135,0.10113130988665193,0.004818781868030373,0.02551647463185186,0.06469196752870474,0.02695536787792646,0.0032794742492345185,0.029826940867137632,sad
0.05720537668021257,0.0008235990116817663,3.2210637663585406,0.13955525686674544,0.18335478849821446,0.4028302566814614,0.0010298033643654455,0.076875,-26.095723744832117,2.656601493705314,-0.22962113339688156,0.13803783063579295,-0.12169085690926239,0.269928195712454,0.21347176614522478,-0.01158488228462276,-0.19914656479456525,-0.03938869681419135,-0.07112133056067048,0.13209437985446107,0.0195412283997735,0.034517649596524945,0.005127615565444128,0.04063115583594186,0.034710384511523064,0.016169937637767053,0.041160776768447656,0.0940634800801146,0.0026865609118213716,0.011562928764948136,0.056750947523196434,0.05364312920867408,0.005094849478970623,0.02592670124043789,sad
0.060331353547983746,0.0008304386178011864,3.1883354620642965,0.14701431528733983,0.1884432509025887,0.4050889702542896,0.001825385206935201,0.07375,-26.22753003498053,2.5207519075649802,-0.2551644711610854,0.10346905742793709,-0.08693428843652287,0.14323709233139462,0.047281186635822224,0.07573709493922769,-0.11169033742593727,-0.1052748122802105,0.006090315664674903,0.1654790066461595,0.06559207754306541,0.035665116368997093,0.007054174269796533,0.05750236242010793,0.059746212298076015,0.0071365121589184585,0.029407197541253375,0.003864386953536585,0.0009661996311625088,0.01806750326953689,0.15061260296122844,0.033518371807284605,0.010049567085871606,0.03990593230827521,sad
0.060643951234760865,0.0007900274502417653,3.232356555799049,0.14946500744652888,0.19116298998007536,0.42723134363947113,0.002350686446497523,0.076875,-26.274478342094515,2.519294965692324,-0.2965178402298498,0.11284345413422212,-0.0029059371068736162,0.17203837703197916,0.07457330750430867,0.03443576198338973,-0.1941280731197386,-0.11278893337003496,-0.01630792908656631,0.08851594066748598,0.0730988505329797,0.0656603202050815,0.004012443446097826,0.022358125187770396,0.05920093056158105,0.03521999245457605,0.046195457500210986,0.15464158713393658,0.0006519857682889757,0.008761412221963886,0.022012934506126375,0.001309520297101843,0.0014072692163817637,0.04221526631111498,sad
0.0631447327289778,0.0006834155844932012,3.2826225947580747,0.14735941785100606,0.1869382613793572,0.4866864018106347,0.0010384808934634808,0.085,-26.224544350187458,2.576021617134493,-0.2260496917965439,0.10132375641141221,-0.06141695119956801,0.13580245540962305,0.08540562120250653,0.06868559979412639,-0.17337064854619558,-0.09328688632730896,-0.044151266893679764,0.09550674126573346,-0.0032569672922943475,0.04949209497157916,0.005955160753252047,0.03208240030172305,0.050090019413048116,0.024396471311646555,0.03470275908360203,0.12757888955840732,0.0056975639133253035,0.009915026419688687,0.037999876580222865,0.014407751046182105,0.005235211070623113,0.03258079916944194,sad
